-- phpMyAdmin SQL Dump
-- version 5.2.0
-- https://www.phpmyadmin.net/
--
-- Host: 127.0.0.1
-- Generation Time: Dec 22, 2022 at 07:27 AM
-- Server version: 10.4.24-MariaDB
-- PHP Version: 8.1.6

SET SQL_MODE = "NO_AUTO_VALUE_ON_ZERO";
START TRANSACTION;
SET time_zone = "+00:00";


/*!40101 SET @OLD_CHARACTER_SET_CLIENT=@@CHARACTER_SET_CLIENT */;
/*!40101 SET @OLD_CHARACTER_SET_RESULTS=@@CHARACTER_SET_RESULTS */;
/*!40101 SET @OLD_COLLATION_CONNECTION=@@COLLATION_CONNECTION */;
/*!40101 SET NAMES utf8mb4 */;

--
-- Database: `puptaps_db`
--

-- --------------------------------------------------------

--
-- Table structure for table `failed_jobs`
--

CREATE TABLE `failed_jobs` (
  `id` bigint(20) UNSIGNED NOT NULL,
  `uuid` varchar(255) COLLATE utf8mb4_unicode_ci NOT NULL,
  `connection` text COLLATE utf8mb4_unicode_ci NOT NULL,
  `queue` text COLLATE utf8mb4_unicode_ci NOT NULL,
  `payload` longtext COLLATE utf8mb4_unicode_ci NOT NULL,
  `exception` longtext COLLATE utf8mb4_unicode_ci NOT NULL,
  `failed_at` timestamp NOT NULL DEFAULT current_timestamp()
) ENGINE=InnoDB DEFAULT CHARSET=utf8mb4 COLLATE=utf8mb4_unicode_ci;

-- --------------------------------------------------------

--
-- Table structure for table `form_eif_answers`
--

CREATE TABLE `form_eif_answers` (
  `answer_id` int(10) UNSIGNED NOT NULL,
  `alumni_id` int(10) UNSIGNED DEFAULT NULL,
  `question_id` int(10) UNSIGNED DEFAULT NULL,
  `answer` varchar(255) COLLATE utf8mb4_unicode_ci NOT NULL
) ENGINE=InnoDB DEFAULT CHARSET=utf8mb4 COLLATE=utf8mb4_unicode_ci;

--
-- Dumping data for table `form_eif_answers`
--

INSERT INTO `form_eif_answers` (`answer_id`, `alumni_id`, `question_id`, `answer`) VALUES
(1, 2, 1, 'Agree'),
(2, 2, 2, 'N/A'),
(3, 2, 3, 'Graduation'),
(4, 2, 4, '4'),
(5, 2, 5, '3'),
(6, 2, 6, '3'),
(7, 2, 7, '3'),
(8, 2, 8, '3'),
(9, 2, 9, '3'),
(10, 2, 10, '4'),
(11, 2, 11, '3'),
(12, 2, 12, '3'),
(13, 2, 13, '4'),
(14, 2, 14, '4'),
(15, 2, 15, '4'),
(16, 2, 16, '4'),
(17, 2, 17, '4'),
(18, 2, 18, '4'),
(19, 2, 19, '4'),
(20, 2, 20, '4'),
(21, 2, 21, '4'),
(22, 2, 22, '4'),
(23, 2, 23, '4'),
(24, 2, 24, '4'),
(25, 2, 25, '5'),
(26, 2, 26, '5'),
(27, 2, 27, '5'),
(28, 2, 28, '5'),
(29, 2, 29, '5'),
(30, 2, 30, '4'),
(31, 2, 31, '4'),
(32, 2, 32, '4'),
(33, 2, 33, '4'),
(34, 2, 34, '4'),
(35, 2, 35, '4'),
(36, 2, 36, '4'),
(37, 2, 37, '4'),
(38, 2, 38, '4'),
(39, 2, 39, '4'),
(40, 2, 40, '5'),
(41, 2, 41, '5'),
(42, 2, 42, '5'),
(43, 2, 43, '5'),
(44, 2, 44, '5'),
(45, 2, 45, '3'),
(46, 2, 46, '3'),
(47, 2, 47, '4'),
(48, 2, 48, '4'),
(49, 2, 49, '4'),
(50, 2, 50, ''),
(51, 2, 51, '2022-09-15'),
(52, 2, 52, 'WILMA VALERIO NADERA'),
(53, 3, 1, 'Agree'),
(54, 3, 2, 'N/A'),
(55, 3, 3, 'Graduation'),
(56, 3, 4, '4'),
(57, 3, 5, '4'),
(58, 3, 6, '5'),
(59, 3, 7, '5'),
(60, 3, 8, '4'),
(61, 3, 9, '4'),
(62, 3, 10, '4'),
(63, 3, 11, '4'),
(64, 3, 12, '4'),
(65, 3, 13, '4'),
(66, 3, 14, '4'),
(67, 3, 15, '4'),
(68, 3, 16, '4'),
(69, 3, 17, '4'),
(70, 3, 18, '4'),
(71, 3, 19, '4'),
(72, 3, 20, '4'),
(73, 3, 21, '4'),
(74, 3, 22, '4'),
(75, 3, 23, '4'),
(76, 3, 24, '4'),
(77, 3, 25, '4'),
(78, 3, 26, '4'),
(79, 3, 27, '4'),
(80, 3, 28, '4'),
(81, 3, 29, '4'),
(82, 3, 30, '4'),
(83, 3, 31, '4'),
(84, 3, 32, '4'),
(85, 3, 33, '4'),
(86, 3, 34, '4'),
(87, 3, 35, '4'),
(88, 3, 36, '4'),
(89, 3, 37, '4'),
(90, 3, 38, '4'),
(91, 3, 39, '4'),
(92, 3, 40, '4'),
(93, 3, 41, '4'),
(94, 3, 42, '4'),
(95, 3, 43, '4'),
(96, 3, 44, '4'),
(97, 3, 45, '4'),
(98, 3, 46, '4'),
(99, 3, 47, '4'),
(100, 3, 48, '4'),
(101, 3, 49, '4'),
(102, 3, 50, ''),
(103, 3, 51, '2022-09-15'),
(104, 3, 52, 'JIBRAEL GUTIERREZ JACINTO'),
(105, 5, 1, 'Agree'),
(106, 5, 2, 'N/A'),
(107, 5, 3, 'Graduation'),
(108, 5, 4, '5'),
(109, 5, 5, '4'),
(110, 5, 6, '5'),
(111, 5, 7, '4'),
(112, 5, 8, '4'),
(113, 5, 9, '5'),
(114, 5, 10, '5'),
(115, 5, 11, '5'),
(116, 5, 12, '5'),
(117, 5, 13, '5'),
(118, 5, 14, '5'),
(119, 5, 15, '5'),
(120, 5, 16, '5'),
(121, 5, 17, '5'),
(122, 5, 18, '5'),
(123, 5, 19, '5'),
(124, 5, 20, '5'),
(125, 5, 21, '5'),
(126, 5, 22, '5'),
(127, 5, 23, '5'),
(128, 5, 24, '5'),
(129, 5, 25, '5'),
(130, 5, 26, '5'),
(131, 5, 27, '5'),
(132, 5, 28, '5'),
(133, 5, 29, '5'),
(134, 5, 30, '5'),
(135, 5, 31, '5'),
(136, 5, 32, '5'),
(137, 5, 33, '5'),
(138, 5, 34, '5'),
(139, 5, 35, '5'),
(140, 5, 36, '5'),
(141, 5, 37, '5'),
(142, 5, 38, '5'),
(143, 5, 39, '5'),
(144, 5, 40, '5'),
(145, 5, 41, '5'),
(146, 5, 42, '5'),
(147, 5, 43, '5'),
(148, 5, 44, '4'),
(149, 5, 45, '4'),
(150, 5, 46, '5'),
(151, 5, 47, '5'),
(152, 5, 48, '5'),
(153, 5, 49, '5'),
(154, 5, 50, 'More equipments and tools for ece students'),
(155, 5, 51, '2022-09-16'),
(156, 5, 52, 'LESTER DEOCAREZA LAGUERTA'),
(157, 6, 1, 'Agree'),
(158, 6, 2, 'N/A'),
(159, 6, 3, 'Graduation'),
(160, 6, 4, '4'),
(161, 6, 5, '5'),
(162, 6, 6, '4'),
(163, 6, 7, '4'),
(164, 6, 8, '4'),
(165, 6, 9, '4'),
(166, 6, 10, '4'),
(167, 6, 11, '4'),
(168, 6, 12, '5'),
(169, 6, 13, '5'),
(170, 6, 14, '4'),
(171, 6, 15, '5'),
(172, 6, 16, '5'),
(173, 6, 17, '4'),
(174, 6, 18, '5'),
(175, 6, 19, '5'),
(176, 6, 20, '5'),
(177, 6, 21, '5'),
(178, 6, 22, '5'),
(179, 6, 23, '5'),
(180, 6, 24, '4'),
(181, 6, 25, '5'),
(182, 6, 26, '5'),
(183, 6, 27, '4'),
(184, 6, 28, '5'),
(185, 6, 29, '5'),
(186, 6, 30, '5'),
(187, 6, 31, '5'),
(188, 6, 32, '4'),
(189, 6, 33, '4'),
(190, 6, 34, '5'),
(191, 6, 35, '5'),
(192, 6, 36, '4'),
(193, 6, 37, '5'),
(194, 6, 38, '5'),
(195, 6, 39, '5'),
(196, 6, 40, '5'),
(197, 6, 41, '5'),
(198, 6, 42, '4'),
(199, 6, 43, '5'),
(200, 6, 44, '5'),
(201, 6, 45, '4'),
(202, 6, 46, '5'),
(203, 6, 47, '5'),
(204, 6, 48, '5'),
(205, 6, 49, '5'),
(206, 6, 50, 'Thank you so much PUPT!!!'),
(207, 6, 51, '2022-09-18'),
(208, 6, 52, 'RENA JANE BULFA COYME'),
(209, 7, 1, 'Agree'),
(210, 7, 2, ''),
(211, 7, 3, 'Graduation'),
(212, 7, 4, '1'),
(213, 7, 5, '3'),
(214, 7, 6, '1'),
(215, 7, 7, '4'),
(216, 7, 8, '2'),
(217, 7, 9, '1'),
(218, 7, 10, '2'),
(219, 7, 11, '1'),
(220, 7, 12, '1'),
(221, 7, 13, '1'),
(222, 7, 14, '1'),
(223, 7, 15, '1'),
(224, 7, 16, '1'),
(225, 7, 17, '1'),
(226, 7, 18, '1'),
(227, 7, 19, '1'),
(228, 7, 20, '3'),
(229, 7, 21, '3'),
(230, 7, 22, '4'),
(231, 7, 23, '3'),
(232, 7, 24, '2'),
(233, 7, 25, '3'),
(234, 7, 26, '2'),
(235, 7, 27, '2'),
(236, 7, 28, '2'),
(237, 7, 29, '3'),
(238, 7, 30, '3'),
(239, 7, 31, '3'),
(240, 7, 32, '4'),
(241, 7, 33, '4'),
(242, 7, 34, '4'),
(243, 7, 35, '3'),
(244, 7, 36, '3'),
(245, 7, 37, '4'),
(246, 7, 38, '3'),
(247, 7, 39, '3'),
(248, 7, 40, '4'),
(249, 7, 41, '5'),
(250, 7, 42, '5'),
(251, 7, 43, '5'),
(252, 7, 44, '5'),
(253, 7, 45, '3'),
(254, 7, 46, '1'),
(255, 7, 47, '1'),
(256, 7, 48, '1'),
(257, 7, 49, '1'),
(258, 7, 50, '1'),
(259, 7, 51, '09/15/22 12:00 AM'),
(260, 7, 52, 'PAMELA DELA CRUZ DELLOTA'),
(261, 8, 1, 'Agree'),
(262, 8, 2, ''),
(263, 8, 3, 'Graduation'),
(264, 8, 4, '2'),
(265, 8, 5, '3'),
(266, 8, 6, '1'),
(267, 8, 7, '3'),
(268, 8, 8, '2'),
(269, 8, 9, '2'),
(270, 8, 10, '3'),
(271, 8, 11, '3'),
(272, 8, 12, '3'),
(273, 8, 13, '3'),
(274, 8, 14, '3'),
(275, 8, 15, '2'),
(276, 8, 16, '3'),
(277, 8, 17, '3'),
(278, 8, 18, '3'),
(279, 8, 19, '3'),
(280, 8, 20, '3'),
(281, 8, 21, '3'),
(282, 8, 22, '3'),
(283, 8, 23, '3'),
(284, 8, 24, '3'),
(285, 8, 25, '3'),
(286, 8, 26, '3'),
(287, 8, 27, '2'),
(288, 8, 28, '3'),
(289, 8, 29, '3'),
(290, 8, 30, '3'),
(291, 8, 31, '3'),
(292, 8, 32, '3'),
(293, 8, 33, '3'),
(294, 8, 34, '3'),
(295, 8, 35, '3'),
(296, 8, 36, '3'),
(297, 8, 37, '3'),
(298, 8, 38, '3'),
(299, 8, 39, '3'),
(300, 8, 40, '3'),
(301, 8, 41, '3'),
(302, 8, 42, '3'),
(303, 8, 43, '3'),
(304, 8, 44, '3'),
(305, 8, 45, '3'),
(306, 8, 46, '3'),
(307, 8, 47, '2'),
(308, 8, 48, '3'),
(309, 8, 49, '2'),
(310, 8, 50, 'Provide full time/regular professors for every course, especially for board courses.'),
(311, 8, 51, '09/15/22 12:00 AM'),
(312, 8, 52, 'GRACE ANGELA AGUIRRE RAMOS'),
(313, 9, 1, 'Agree'),
(314, 9, 2, ''),
(315, 9, 3, 'Graduation'),
(316, 9, 4, '3'),
(317, 9, 5, '3'),
(318, 9, 6, '3'),
(319, 9, 7, '5'),
(320, 9, 8, '3'),
(321, 9, 9, '3'),
(322, 9, 10, '3'),
(323, 9, 11, '4'),
(324, 9, 12, '3'),
(325, 9, 13, '3'),
(326, 9, 14, '3'),
(327, 9, 15, '3'),
(328, 9, 16, '3'),
(329, 9, 17, '3'),
(330, 9, 18, '3'),
(331, 9, 19, '3'),
(332, 9, 20, '3'),
(333, 9, 21, '3'),
(334, 9, 22, '3'),
(335, 9, 23, '3'),
(336, 9, 24, '3'),
(337, 9, 25, '3'),
(338, 9, 26, '3'),
(339, 9, 27, '3'),
(340, 9, 28, '3'),
(341, 9, 29, '3'),
(342, 9, 30, '3'),
(343, 9, 31, '3'),
(344, 9, 32, '3'),
(345, 9, 33, '3'),
(346, 9, 34, '3'),
(347, 9, 35, '3'),
(348, 9, 36, '3'),
(349, 9, 37, '3'),
(350, 9, 38, '3'),
(351, 9, 39, '4'),
(352, 9, 40, '4'),
(353, 9, 41, '4'),
(354, 9, 42, '4'),
(355, 9, 43, '5'),
(356, 9, 44, '5'),
(357, 9, 45, '3'),
(358, 9, 46, '3'),
(359, 9, 47, '3'),
(360, 9, 48, '3'),
(361, 9, 49, '3'),
(362, 9, 50, 'Please make everyone feel that humanity still exists.'),
(363, 9, 51, '09/15/22 12:00 AM'),
(364, 9, 52, 'KEFF JOSHUA CIPRIANO CARPIZO'),
(365, 10, 1, 'Agree'),
(366, 10, 2, ''),
(367, 10, 3, 'Graduation'),
(368, 10, 4, '3'),
(369, 10, 5, '3'),
(370, 10, 6, '3'),
(371, 10, 7, '5'),
(372, 10, 8, '3'),
(373, 10, 9, '2'),
(374, 10, 10, '2'),
(375, 10, 11, '4'),
(376, 10, 12, '3'),
(377, 10, 13, '3'),
(378, 10, 14, '4'),
(379, 10, 15, '3'),
(380, 10, 16, '3'),
(381, 10, 17, '3'),
(382, 10, 18, '3'),
(383, 10, 19, '3'),
(384, 10, 20, '5'),
(385, 10, 21, '5'),
(386, 10, 22, '5'),
(387, 10, 23, '4'),
(388, 10, 24, '4'),
(389, 10, 25, '4'),
(390, 10, 26, '4'),
(391, 10, 27, '4'),
(392, 10, 28, '4'),
(393, 10, 29, '4'),
(394, 10, 30, '4'),
(395, 10, 31, '4'),
(396, 10, 32, '4'),
(397, 10, 33, '4'),
(398, 10, 34, '5'),
(399, 10, 35, '5'),
(400, 10, 36, '5'),
(401, 10, 37, '5'),
(402, 10, 38, '5'),
(403, 10, 39, '5'),
(404, 10, 40, '4'),
(405, 10, 41, '5'),
(406, 10, 42, '5'),
(407, 10, 43, '5'),
(408, 10, 44, '5'),
(409, 10, 45, '5'),
(410, 10, 46, '4'),
(411, 10, 47, '3'),
(412, 10, 48, '3'),
(413, 10, 49, '3'),
(414, 10, 50, 'Do not assign professors who are not willing to teach passionately. Hire competent professors especially in courses that have board exam.'),
(415, 10, 51, '09/15/22 12:00 AM'),
(416, 10, 52, 'KRISTHELL JEAN DUMAOG RAMIREZ'),
(417, 11, 1, 'Agree'),
(418, 11, 2, 'Assistant Purchasing Officer/CKKC Electrical Supply/8403-8036'),
(419, 11, 3, 'Graduation'),
(420, 11, 4, '2'),
(421, 11, 5, '3'),
(422, 11, 6, '2'),
(423, 11, 7, '5'),
(424, 11, 8, '3'),
(425, 11, 9, '2'),
(426, 11, 10, '2'),
(427, 11, 11, '2'),
(428, 11, 12, '2'),
(429, 11, 13, '2'),
(430, 11, 14, '2'),
(431, 11, 15, '2'),
(432, 11, 16, '2'),
(433, 11, 17, '2'),
(434, 11, 18, '2'),
(435, 11, 19, '2'),
(436, 11, 20, '4'),
(437, 11, 21, '4'),
(438, 11, 22, '5'),
(439, 11, 23, '2'),
(440, 11, 24, '2'),
(441, 11, 25, '2'),
(442, 11, 26, '3'),
(443, 11, 27, '3'),
(444, 11, 28, '3'),
(445, 11, 29, '3'),
(446, 11, 30, '3'),
(447, 11, 31, '3'),
(448, 11, 32, '3'),
(449, 11, 33, '3'),
(450, 11, 34, '3'),
(451, 11, 35, '3'),
(452, 11, 36, '4'),
(453, 11, 37, '5'),
(454, 11, 38, '3'),
(455, 11, 39, '3'),
(456, 11, 40, '3'),
(457, 11, 41, '3'),
(458, 11, 42, '3'),
(459, 11, 43, '3'),
(460, 11, 44, '3'),
(461, 11, 45, '3'),
(462, 11, 46, '3'),
(463, 11, 47, '2'),
(464, 11, 48, '2'),
(465, 11, 49, '2'),
(466, 11, 50, 'Prioritize the needs of the students academically. Provide them enough resources and coordinate with PUP Main and branches accordingly so that our branch will not be left behind in terms of materials and performance.'),
(467, 11, 51, '09/15/22 12:00 AM'),
(468, 11, 52, 'ALEXSANDRA LABID FERNANDO'),
(469, 12, 1, 'Agree'),
(470, 12, 2, ''),
(471, 12, 3, 'Graduation'),
(472, 12, 4, '3'),
(473, 12, 5, '2'),
(474, 12, 6, '1'),
(475, 12, 7, '3'),
(476, 12, 8, '1'),
(477, 12, 9, '4'),
(478, 12, 10, '1'),
(479, 12, 11, '1'),
(480, 12, 12, '1'),
(481, 12, 13, '1'),
(482, 12, 14, '1'),
(483, 12, 15, '1'),
(484, 12, 16, '1'),
(485, 12, 17, '1'),
(486, 12, 18, '1'),
(487, 12, 19, '1'),
(488, 12, 20, '1'),
(489, 12, 21, '1'),
(490, 12, 22, '1'),
(491, 12, 23, '1'),
(492, 12, 24, '1'),
(493, 12, 25, '1'),
(494, 12, 26, '1'),
(495, 12, 27, '1'),
(496, 12, 28, '1'),
(497, 12, 29, '1'),
(498, 12, 30, '1'),
(499, 12, 31, '1'),
(500, 12, 32, '3'),
(501, 12, 33, '3'),
(502, 12, 34, '3'),
(503, 12, 35, '1'),
(504, 12, 36, '1'),
(505, 12, 37, '1'),
(506, 12, 38, '1'),
(507, 12, 39, '1'),
(508, 12, 40, '1'),
(509, 12, 41, '3'),
(510, 12, 42, '3'),
(511, 12, 43, '3'),
(512, 12, 44, '2'),
(513, 12, 45, '2'),
(514, 12, 46, '2'),
(515, 12, 47, '1'),
(516, 12, 48, '2'),
(517, 12, 49, '1'),
(518, 12, 50, 'gaano ba kahirap grumaduate. yung mga requirements na pinasa na, ipapapsa pa ulit. yung mga nawala, kami mag pprovide. kapag mag tatanong ang susungit. kapag mag papasa ang susungit din. si maam beth lang mabait. sa reg office ang susungit. sa cashier, la'),
(519, 12, 51, '10/19/22 12:00 AM'),
(520, 12, 52, 'VOLTAIRE DE SILVA ABRAHAM'),
(521, 13, 1, 'Agree'),
(522, 13, 2, 'Admin/PSME'),
(523, 13, 3, 'Graduation'),
(524, 13, 4, '5'),
(525, 13, 5, '5'),
(526, 13, 6, '5'),
(527, 13, 7, '5'),
(528, 13, 8, '5'),
(529, 13, 9, '5'),
(530, 13, 10, '5'),
(531, 13, 11, '5'),
(532, 13, 12, '5'),
(533, 13, 13, '5'),
(534, 13, 14, '5'),
(535, 13, 15, '5'),
(536, 13, 16, '5'),
(537, 13, 17, '5'),
(538, 13, 18, '5'),
(539, 13, 19, '5'),
(540, 13, 20, '5'),
(541, 13, 21, '5'),
(542, 13, 22, '5'),
(543, 13, 23, '5'),
(544, 13, 24, '5'),
(545, 13, 25, '5'),
(546, 13, 26, '5'),
(547, 13, 27, '5'),
(548, 13, 28, '5'),
(549, 13, 29, '5'),
(550, 13, 30, '5'),
(551, 13, 31, '5'),
(552, 13, 32, '5'),
(553, 13, 33, '5'),
(554, 13, 34, '5'),
(555, 13, 35, '5'),
(556, 13, 36, '5'),
(557, 13, 37, '5'),
(558, 13, 38, '5'),
(559, 13, 39, '5'),
(560, 13, 40, '5'),
(561, 13, 41, '5'),
(562, 13, 42, '5'),
(563, 13, 43, '5'),
(564, 13, 44, '5'),
(565, 13, 45, '5'),
(566, 13, 46, '5'),
(567, 13, 47, '5'),
(568, 13, 48, '5'),
(569, 13, 49, '5'),
(570, 13, 50, 'Great School'),
(571, 13, 51, '10/23/22 12:00 AM'),
(572, 13, 52, 'JOHN BERNARD GOZON AL-AG'),
(573, 14, 1, 'Agree'),
(574, 14, 2, ''),
(575, 14, 3, 'Graduation'),
(576, 14, 4, '4'),
(577, 14, 5, '4'),
(578, 14, 6, '3'),
(579, 14, 7, '3'),
(580, 14, 8, '4'),
(581, 14, 9, '3'),
(582, 14, 10, '4'),
(583, 14, 11, '4'),
(584, 14, 12, '4'),
(585, 14, 13, '4'),
(586, 14, 14, '3'),
(587, 14, 15, '3'),
(588, 14, 16, '3'),
(589, 14, 17, '4'),
(590, 14, 18, '4'),
(591, 14, 19, '3'),
(592, 14, 20, '3'),
(593, 14, 21, '3'),
(594, 14, 22, '4'),
(595, 14, 23, '4'),
(596, 14, 24, '4'),
(597, 14, 25, '4'),
(598, 14, 26, '4'),
(599, 14, 27, '4'),
(600, 14, 28, '4'),
(601, 14, 29, '4'),
(602, 14, 30, '4'),
(603, 14, 31, '4'),
(604, 14, 32, '4'),
(605, 14, 33, '4'),
(606, 14, 34, '3'),
(607, 14, 35, '3'),
(608, 14, 36, '4'),
(609, 14, 37, '3'),
(610, 14, 38, '4'),
(611, 14, 39, '3'),
(612, 14, 40, '4'),
(613, 14, 41, '4'),
(614, 14, 42, '4'),
(615, 14, 43, '3'),
(616, 14, 44, '4'),
(617, 14, 45, '3'),
(618, 14, 46, '4'),
(619, 14, 47, '4'),
(620, 14, 48, '3'),
(621, 14, 49, '4'),
(622, 14, 50, 'water in bathroom'),
(623, 14, 51, '09/11/22 12:00 AM'),
(624, 14, 52, 'EULE KHRISTIAN AÑONUEVO CRUZ'),
(625, 15, 1, 'Agree'),
(626, 15, 2, ''),
(627, 15, 3, 'Graduation'),
(628, 15, 4, '4'),
(629, 15, 5, '4'),
(630, 15, 6, '4'),
(631, 15, 7, '5'),
(632, 15, 8, '3'),
(633, 15, 9, '5'),
(634, 15, 10, '4'),
(635, 15, 11, '5'),
(636, 15, 12, '4'),
(637, 15, 13, '4'),
(638, 15, 14, '5'),
(639, 15, 15, '5'),
(640, 15, 16, '5'),
(641, 15, 17, '5'),
(642, 15, 18, '4'),
(643, 15, 19, '5'),
(644, 15, 20, '5'),
(645, 15, 21, '4'),
(646, 15, 22, '5'),
(647, 15, 23, '4'),
(648, 15, 24, '5'),
(649, 15, 25, '4'),
(650, 15, 26, '5'),
(651, 15, 27, '5'),
(652, 15, 28, '5'),
(653, 15, 29, '4'),
(654, 15, 30, '4'),
(655, 15, 31, '5'),
(656, 15, 32, '4'),
(657, 15, 33, '4'),
(658, 15, 34, '3'),
(659, 15, 35, '4'),
(660, 15, 36, '4'),
(661, 15, 37, '3'),
(662, 15, 38, '5'),
(663, 15, 39, '5'),
(664, 15, 40, '4'),
(665, 15, 41, '5'),
(666, 15, 42, '4'),
(667, 15, 43, '5'),
(668, 15, 44, '4'),
(669, 15, 45, '4'),
(670, 15, 46, '4'),
(671, 15, 47, '4'),
(672, 15, 48, '5'),
(673, 15, 49, '4'),
(674, 15, 50, 'None'),
(675, 15, 51, '09/17/22 12:00 AM'),
(676, 15, 52, 'PATRICIA MAE TRAZO CUNANAN'),
(677, 16, 1, 'Agree'),
(678, 16, 2, ''),
(679, 16, 3, 'Graduation'),
(680, 16, 4, '4'),
(681, 16, 5, '4'),
(682, 16, 6, '2'),
(683, 16, 7, '4'),
(684, 16, 8, '3'),
(685, 16, 9, '5'),
(686, 16, 10, '4'),
(687, 16, 11, '3'),
(688, 16, 12, '3'),
(689, 16, 13, '2'),
(690, 16, 14, '3'),
(691, 16, 15, '3'),
(692, 16, 16, '2'),
(693, 16, 17, '2'),
(694, 16, 18, '2'),
(695, 16, 19, '2'),
(696, 16, 20, '4'),
(697, 16, 21, '4'),
(698, 16, 22, '4'),
(699, 16, 23, '4'),
(700, 16, 24, '4'),
(701, 16, 25, '4'),
(702, 16, 26, '2'),
(703, 16, 27, '1'),
(704, 16, 28, '2'),
(705, 16, 29, '3'),
(706, 16, 30, '3'),
(707, 16, 31, '3'),
(708, 16, 32, '4'),
(709, 16, 33, '4'),
(710, 16, 34, '2'),
(711, 16, 35, '3'),
(712, 16, 36, '4'),
(713, 16, 37, '4'),
(714, 16, 38, '3'),
(715, 16, 39, '4'),
(716, 16, 40, '3'),
(717, 16, 41, '4'),
(718, 16, 42, '4'),
(719, 16, 43, '5'),
(720, 16, 44, '5'),
(721, 16, 45, '4'),
(722, 16, 46, '4'),
(723, 16, 47, '3'),
(724, 16, 48, '4'),
(725, 16, 49, '4'),
(726, 16, 50, 'Please have a consideration and a sense of urgency especially on the requirements need for the students.'),
(727, 16, 51, '10/20/22 12:00 AM'),
(728, 16, 52, 'JUDE THADDEUS SEMILLA DULA'),
(729, 17, 1, 'Agree'),
(730, 17, 2, 'N/A'),
(731, 17, 3, 'Graduation'),
(732, 17, 4, '4'),
(733, 17, 5, '5'),
(734, 17, 6, '3'),
(735, 17, 7, '5'),
(736, 17, 8, '3'),
(737, 17, 9, '5'),
(738, 17, 10, '5'),
(739, 17, 11, '4'),
(740, 17, 12, '4'),
(741, 17, 13, '4'),
(742, 17, 14, '4'),
(743, 17, 15, '5'),
(744, 17, 16, '4'),
(745, 17, 17, '4'),
(746, 17, 18, '4'),
(747, 17, 19, '4'),
(748, 17, 20, '4'),
(749, 17, 21, '4'),
(750, 17, 22, '4'),
(751, 17, 23, '4'),
(752, 17, 24, '4'),
(753, 17, 25, '4'),
(754, 17, 26, '4'),
(755, 17, 27, '4'),
(756, 17, 28, '4'),
(757, 17, 29, '4'),
(758, 17, 30, '4'),
(759, 17, 31, '4'),
(760, 17, 32, '4'),
(761, 17, 33, '4'),
(762, 17, 34, '4'),
(763, 17, 35, '4'),
(764, 17, 36, '4'),
(765, 17, 37, '4'),
(766, 17, 38, '4'),
(767, 17, 39, '4'),
(768, 17, 40, '4'),
(769, 17, 41, '4'),
(770, 17, 42, '4'),
(771, 17, 43, '4'),
(772, 17, 44, '4'),
(773, 17, 45, '4'),
(774, 17, 46, '4'),
(775, 17, 47, '4'),
(776, 17, 48, '5'),
(777, 17, 49, '4'),
(778, 17, 50, 'None'),
(779, 17, 51, '2022-09-18'),
(780, 17, 52, 'IMTARID SALAZAR RACMAN'),
(781, 18, 1, 'Agree'),
(782, 18, 2, 'N/A'),
(783, 18, 3, 'Graduation'),
(784, 18, 4, '5'),
(785, 18, 5, '5'),
(786, 18, 6, '5'),
(787, 18, 7, '4'),
(788, 18, 8, '5'),
(789, 18, 9, '5'),
(790, 18, 10, '5'),
(791, 18, 11, '5'),
(792, 18, 12, '5'),
(793, 18, 13, '5'),
(794, 18, 14, '5'),
(795, 18, 15, '5'),
(796, 18, 16, '5'),
(797, 18, 17, '5'),
(798, 18, 18, '5'),
(799, 18, 19, '5'),
(800, 18, 20, '5'),
(801, 18, 21, '5'),
(802, 18, 22, '5'),
(803, 18, 23, '5'),
(804, 18, 24, '5'),
(805, 18, 25, '5'),
(806, 18, 26, '5'),
(807, 18, 27, '5'),
(808, 18, 28, '5'),
(809, 18, 29, '5'),
(810, 18, 30, '5'),
(811, 18, 31, '5'),
(812, 18, 32, '5'),
(813, 18, 33, '5'),
(814, 18, 34, '5'),
(815, 18, 35, '5'),
(816, 18, 36, '5'),
(817, 18, 37, '5'),
(818, 18, 38, '5'),
(819, 18, 39, '4'),
(820, 18, 40, '4'),
(821, 18, 41, '5'),
(822, 18, 42, '5'),
(823, 18, 43, '5'),
(824, 18, 44, '5'),
(825, 18, 45, '5'),
(826, 18, 46, '5'),
(827, 18, 47, '5'),
(828, 18, 48, '5'),
(829, 18, 49, '5'),
(830, 18, 50, 'The PUP Taguig is a great choice to study for tertiary level education.'),
(831, 18, 51, '2022-09-18'),
(832, 18, 52, 'SHANNEN MAE CARRIAGA TORREJOS'),
(833, 19, 1, 'Agree'),
(834, 19, 2, 'N/A'),
(835, 19, 3, 'Graduation'),
(836, 19, 4, '5'),
(837, 19, 5, '5'),
(838, 19, 6, '5'),
(839, 19, 7, '5'),
(840, 19, 8, '4'),
(841, 19, 9, '5'),
(842, 19, 10, '5'),
(843, 19, 11, '5'),
(844, 19, 12, '4'),
(845, 19, 13, '4'),
(846, 19, 14, '5'),
(847, 19, 15, '5'),
(848, 19, 16, '5'),
(849, 19, 17, '5'),
(850, 19, 18, '5'),
(851, 19, 19, '5'),
(852, 19, 20, '5'),
(853, 19, 21, '5'),
(854, 19, 22, '5'),
(855, 19, 23, '5'),
(856, 19, 24, '5'),
(857, 19, 25, '5'),
(858, 19, 26, '5'),
(859, 19, 27, '5'),
(860, 19, 28, '5'),
(861, 19, 29, '5'),
(862, 19, 30, '5'),
(863, 19, 31, '5'),
(864, 19, 32, '5'),
(865, 19, 33, '5'),
(866, 19, 34, '2'),
(867, 19, 35, '5'),
(868, 19, 36, '2'),
(869, 19, 37, '5'),
(870, 19, 38, '2'),
(871, 19, 39, '5'),
(872, 19, 40, '2'),
(873, 19, 41, '5'),
(874, 19, 42, '2'),
(875, 19, 43, '5'),
(876, 19, 44, '2'),
(877, 19, 45, '5'),
(878, 19, 46, '2'),
(879, 19, 47, '5'),
(880, 19, 48, '2'),
(881, 19, 49, '5'),
(882, 19, 50, 'N/A'),
(883, 19, 51, '2022-09-19'),
(884, 19, 52, 'XAVIER ADRALES AGUDERA'),
(885, 20, 1, 'Agree'),
(886, 20, 2, 'CEA, Alorica MOA, No Telephone Number'),
(887, 20, 3, 'Graduation'),
(888, 20, 4, '5'),
(889, 20, 5, '5'),
(890, 20, 6, '5'),
(891, 20, 7, '5'),
(892, 20, 8, '4'),
(893, 20, 9, '5'),
(894, 20, 10, '5'),
(895, 20, 11, '5'),
(896, 20, 12, '5'),
(897, 20, 13, '5'),
(898, 20, 14, '5'),
(899, 20, 15, '5'),
(900, 20, 16, '5'),
(901, 20, 17, '5'),
(902, 20, 18, '5'),
(903, 20, 19, '5'),
(904, 20, 20, '5'),
(905, 20, 21, '5'),
(906, 20, 22, '4'),
(907, 20, 23, '5'),
(908, 20, 24, '5'),
(909, 20, 25, '5'),
(910, 20, 26, '5'),
(911, 20, 27, '5'),
(912, 20, 28, '5'),
(913, 20, 29, '5'),
(914, 20, 30, '5'),
(915, 20, 31, '5'),
(916, 20, 32, '5'),
(917, 20, 33, '5'),
(918, 20, 34, '5'),
(919, 20, 35, '4'),
(920, 20, 36, '4'),
(921, 20, 37, '4'),
(922, 20, 38, '3'),
(923, 20, 39, '3'),
(924, 20, 40, '3'),
(925, 20, 41, '3'),
(926, 20, 42, '3'),
(927, 20, 43, '3'),
(928, 20, 44, '4'),
(929, 20, 45, '4'),
(930, 20, 46, '5'),
(931, 20, 47, '5'),
(932, 20, 48, '5'),
(933, 20, 49, '5'),
(934, 20, 50, 'N/A'),
(935, 20, 51, '2022-10-21'),
(936, 20, 52, 'CRIMSON CARZON MERIEL'),
(937, 21, 1, 'Agree'),
(938, 21, 2, 'N/A'),
(939, 21, 3, 'Graduation'),
(940, 21, 4, '4'),
(941, 21, 5, '4'),
(942, 21, 6, '4'),
(943, 21, 7, '3'),
(944, 21, 8, '4'),
(945, 21, 9, '4'),
(946, 21, 10, '4'),
(947, 21, 11, '5'),
(948, 21, 12, '4'),
(949, 21, 13, '5'),
(950, 21, 14, '5'),
(951, 21, 15, '5'),
(952, 21, 16, '5'),
(953, 21, 17, '5'),
(954, 21, 18, '5'),
(955, 21, 19, '5'),
(956, 21, 20, '5'),
(957, 21, 21, '5'),
(958, 21, 22, '5'),
(959, 21, 23, '5'),
(960, 21, 24, '5'),
(961, 21, 25, '5'),
(962, 21, 26, '5'),
(963, 21, 27, '5'),
(964, 21, 28, '5'),
(965, 21, 29, '5'),
(966, 21, 30, '5'),
(967, 21, 31, '5'),
(968, 21, 32, '5'),
(969, 21, 33, '5'),
(970, 21, 34, '5'),
(971, 21, 35, '5'),
(972, 21, 36, '5'),
(973, 21, 37, '5'),
(974, 21, 38, '5'),
(975, 21, 39, '5'),
(976, 21, 40, '5'),
(977, 21, 41, '5'),
(978, 21, 42, '5'),
(979, 21, 43, '5'),
(980, 21, 44, '5'),
(981, 21, 45, '5'),
(982, 21, 46, '5'),
(983, 21, 47, '5'),
(984, 21, 48, '4'),
(985, 21, 49, '4'),
(986, 21, 50, 'None'),
(987, 21, 51, '2022-09-15'),
(988, 21, 52, 'JOHN REX GORDONAS PANESTANTE'),
(989, 22, 1, 'Agree'),
(990, 22, 2, ''),
(991, 22, 3, 'Graduation'),
(992, 22, 4, '1'),
(993, 22, 5, '3'),
(994, 22, 6, '1'),
(995, 22, 7, '4'),
(996, 22, 8, '2'),
(997, 22, 9, '2'),
(998, 22, 10, '3'),
(999, 22, 11, '1'),
(1000, 22, 12, '1'),
(1001, 22, 13, '1'),
(1002, 22, 14, '1'),
(1003, 22, 15, '1'),
(1004, 22, 16, '3'),
(1005, 22, 17, '2'),
(1006, 22, 18, '1'),
(1007, 22, 19, '3'),
(1008, 22, 20, '4'),
(1009, 22, 21, '4'),
(1010, 22, 22, '5'),
(1011, 22, 23, '3'),
(1012, 22, 24, '3'),
(1013, 22, 25, '3'),
(1014, 22, 26, '1'),
(1015, 22, 27, '1'),
(1016, 22, 28, '3'),
(1017, 22, 29, '2'),
(1018, 22, 30, '2'),
(1019, 22, 31, '3'),
(1020, 22, 32, '2'),
(1021, 22, 33, '3'),
(1022, 22, 34, '3'),
(1023, 22, 35, '3'),
(1024, 22, 36, '3'),
(1025, 22, 37, '3'),
(1026, 22, 38, '1'),
(1027, 22, 39, '1'),
(1028, 22, 40, '2'),
(1029, 22, 41, '4'),
(1030, 22, 42, '3'),
(1031, 22, 43, '4'),
(1032, 22, 44, '1'),
(1033, 22, 45, '1'),
(1034, 22, 46, '2'),
(1035, 22, 47, '1'),
(1036, 22, 48, '1'),
(1037, 22, 49, '1'),
(1038, 22, 50, 'Ensure that academic need of students are well provided by the campus, especially when it comes to teaching personnel. We have had multiple experience of underperforming professors and yet no action has been made each time we raise complaints. Review dili'),
(1039, 22, 51, '09/16/22 12:00 AM'),
(1040, 22, 52, 'ANNE CLARISSE VITUG ALMODAL'),
(1041, 23, 1, 'Agree'),
(1042, 23, 2, ''),
(1043, 23, 3, 'Graduation'),
(1044, 23, 4, '3'),
(1045, 23, 5, '3'),
(1046, 23, 6, '3'),
(1047, 23, 7, '4'),
(1048, 23, 8, '3'),
(1049, 23, 9, '3'),
(1050, 23, 10, '3'),
(1051, 23, 11, '3'),
(1052, 23, 12, '2'),
(1053, 23, 13, '3'),
(1054, 23, 14, '2'),
(1055, 23, 15, '3'),
(1056, 23, 16, '3'),
(1057, 23, 17, '3'),
(1058, 23, 18, '3'),
(1059, 23, 19, '3'),
(1060, 23, 20, '4'),
(1061, 23, 21, '4'),
(1062, 23, 22, '4'),
(1063, 23, 23, '3'),
(1064, 23, 24, '3'),
(1065, 23, 25, '3'),
(1066, 23, 26, '3'),
(1067, 23, 27, '3'),
(1068, 23, 28, '3'),
(1069, 23, 29, '2'),
(1070, 23, 30, '2'),
(1071, 23, 31, '2'),
(1072, 23, 32, '3'),
(1073, 23, 33, '3'),
(1074, 23, 34, '3'),
(1075, 23, 35, '5'),
(1076, 23, 36, '5'),
(1077, 23, 37, '5'),
(1078, 23, 38, '3'),
(1079, 23, 39, '3'),
(1080, 23, 40, '3'),
(1081, 23, 41, '4'),
(1082, 23, 42, '4'),
(1083, 23, 43, '4'),
(1084, 23, 44, '3'),
(1085, 23, 45, '3'),
(1086, 23, 46, '2'),
(1087, 23, 47, '3'),
(1088, 23, 48, '3'),
(1089, 23, 49, '3'),
(1090, 23, 50, 'More regular accounting professors.'),
(1091, 23, 51, '10/14/22 12:00 AM'),
(1092, 23, 52, 'ALEX LIAM ENCISA BAUTISTA'),
(1093, 24, 1, 'Agree'),
(1094, 24, 2, ''),
(1095, 24, 3, 'Graduation'),
(1096, 24, 4, '4'),
(1097, 24, 5, '5'),
(1098, 24, 6, '4'),
(1099, 24, 7, '5'),
(1100, 24, 8, '4'),
(1101, 24, 9, '4'),
(1102, 24, 10, '5'),
(1103, 24, 11, '4'),
(1104, 24, 12, '4'),
(1105, 24, 13, '4'),
(1106, 24, 14, '5'),
(1107, 24, 15, '3'),
(1108, 24, 16, '4'),
(1109, 24, 17, '4'),
(1110, 24, 18, '4'),
(1111, 24, 19, '4'),
(1112, 24, 20, '5'),
(1113, 24, 21, '5'),
(1114, 24, 22, '5'),
(1115, 24, 23, '4'),
(1116, 24, 24, '3'),
(1117, 24, 25, '5'),
(1118, 24, 26, '4'),
(1119, 24, 27, '4'),
(1120, 24, 28, '5'),
(1121, 24, 29, '4'),
(1122, 24, 30, '4'),
(1123, 24, 31, '5'),
(1124, 24, 32, '5'),
(1125, 24, 33, '4'),
(1126, 24, 34, '4'),
(1127, 24, 35, '5'),
(1128, 24, 36, '5'),
(1129, 24, 37, '5'),
(1130, 24, 38, '5'),
(1131, 24, 39, '5'),
(1132, 24, 40, '4'),
(1133, 24, 41, '5'),
(1134, 24, 42, '5'),
(1135, 24, 43, '5'),
(1136, 24, 44, '5'),
(1137, 24, 45, '5'),
(1138, 24, 46, '5'),
(1139, 24, 47, '4'),
(1140, 24, 48, '4'),
(1141, 24, 49, '4'),
(1142, 24, 50, 'Please assign professors (especially to our Course, Accountancy) that really want to teach. It\'s so hard to take up accountancy with those kind of professors who rarely attend or teach the class. Please make this up to increase the level of competency of '),
(1143, 24, 51, '09/15/22 12:00 AM'),
(1144, 24, 52, 'JHOMYL SANCHEZ CARAG'),
(1145, 25, 1, 'Agree'),
(1146, 25, 2, ''),
(1147, 25, 3, 'Graduation'),
(1148, 25, 4, '5'),
(1149, 25, 5, '5'),
(1150, 25, 6, '5'),
(1151, 25, 7, '5'),
(1152, 25, 8, '4'),
(1153, 25, 9, '5'),
(1154, 25, 10, '5'),
(1155, 25, 11, '5'),
(1156, 25, 12, '4'),
(1157, 25, 13, '5'),
(1158, 25, 14, '5'),
(1159, 25, 15, '4'),
(1160, 25, 16, '5'),
(1161, 25, 17, '5'),
(1162, 25, 18, '4'),
(1163, 25, 19, '5'),
(1164, 25, 20, '5'),
(1165, 25, 21, '5'),
(1166, 25, 22, '5'),
(1167, 25, 23, '4'),
(1168, 25, 24, '5'),
(1169, 25, 25, '5'),
(1170, 25, 26, '5'),
(1171, 25, 27, '5'),
(1172, 25, 28, '5'),
(1173, 25, 29, '4'),
(1174, 25, 30, '5'),
(1175, 25, 31, '5'),
(1176, 25, 32, '5'),
(1177, 25, 33, '5'),
(1178, 25, 34, '5'),
(1179, 25, 35, '5'),
(1180, 25, 36, '5'),
(1181, 25, 37, '5'),
(1182, 25, 38, '5'),
(1183, 25, 39, '5'),
(1184, 25, 40, '5'),
(1185, 25, 41, '5'),
(1186, 25, 42, '5'),
(1187, 25, 43, '5'),
(1188, 25, 44, '5'),
(1189, 25, 45, '5'),
(1190, 25, 46, '5'),
(1191, 25, 47, '5'),
(1192, 25, 48, '5'),
(1193, 25, 49, '5'),
(1194, 25, 50, ''),
(1195, 25, 51, '10/19/22 12:00 AM'),
(1196, 25, 52, 'MICHAELA RAMIREZ FORTICH'),
(1197, 26, 1, 'Agree'),
(1198, 26, 2, ''),
(1199, 26, 3, 'Graduation'),
(1200, 26, 4, '3'),
(1201, 26, 5, '3'),
(1202, 26, 6, '3'),
(1203, 26, 7, '5'),
(1204, 26, 8, '1'),
(1205, 26, 9, '5'),
(1206, 26, 10, '3'),
(1207, 26, 11, '3'),
(1208, 26, 12, '3'),
(1209, 26, 13, '3'),
(1210, 26, 14, '4'),
(1211, 26, 15, '4'),
(1212, 26, 16, '4'),
(1213, 26, 17, '3'),
(1214, 26, 18, '3'),
(1215, 26, 19, '3'),
(1216, 26, 20, '4'),
(1217, 26, 21, '4'),
(1218, 26, 22, '4'),
(1219, 26, 23, '3'),
(1220, 26, 24, '3'),
(1221, 26, 25, '3'),
(1222, 26, 26, '3'),
(1223, 26, 27, '3'),
(1224, 26, 28, '3'),
(1225, 26, 29, '5'),
(1226, 26, 30, '5'),
(1227, 26, 31, '5'),
(1228, 26, 32, '5'),
(1229, 26, 33, '5'),
(1230, 26, 34, '5'),
(1231, 26, 35, '4'),
(1232, 26, 36, '4'),
(1233, 26, 37, '4'),
(1234, 26, 38, '3'),
(1235, 26, 39, '3'),
(1236, 26, 40, '3'),
(1237, 26, 41, '5'),
(1238, 26, 42, '5'),
(1239, 26, 43, '5'),
(1240, 26, 44, '5'),
(1241, 26, 45, '5'),
(1242, 26, 46, '5'),
(1243, 26, 47, '3'),
(1244, 26, 48, '3'),
(1245, 26, 49, '3'),
(1246, 26, 50, 'As a BSA student, it has been very hard for us to feel the quality education that the university promised because of the lack of professors. As a course that has to take several examinations to pass every school year and before graduation, I feel like we\''),
(1247, 26, 51, '10/19/22 12:00 AM'),
(1248, 26, 52, 'JEFSEY MAE NACAYTUNA MACABUGTO'),
(1249, 27, 1, 'Agree'),
(1250, 27, 2, ''),
(1251, 27, 3, 'Graduation'),
(1252, 27, 4, '4'),
(1253, 27, 5, '4'),
(1254, 27, 6, '4'),
(1255, 27, 7, '5'),
(1256, 27, 8, '4'),
(1257, 27, 9, '5'),
(1258, 27, 10, '4'),
(1259, 27, 11, '5'),
(1260, 27, 12, '5'),
(1261, 27, 13, '5'),
(1262, 27, 14, '4'),
(1263, 27, 15, '4'),
(1264, 27, 16, '4'),
(1265, 27, 17, '5'),
(1266, 27, 18, '5'),
(1267, 27, 19, '5'),
(1268, 27, 20, '4'),
(1269, 27, 21, '4'),
(1270, 27, 22, '5'),
(1271, 27, 23, '5'),
(1272, 27, 24, '5'),
(1273, 27, 25, '5'),
(1274, 27, 26, '5'),
(1275, 27, 27, '5'),
(1276, 27, 28, '5'),
(1277, 27, 29, '5'),
(1278, 27, 30, '5'),
(1279, 27, 31, '5'),
(1280, 27, 32, '4'),
(1281, 27, 33, '4'),
(1282, 27, 34, '4'),
(1283, 27, 35, '5'),
(1284, 27, 36, '4'),
(1285, 27, 37, '5'),
(1286, 27, 38, '4'),
(1287, 27, 39, '3'),
(1288, 27, 40, '4'),
(1289, 27, 41, '5'),
(1290, 27, 42, '5'),
(1291, 27, 43, '5'),
(1292, 27, 44, '5'),
(1293, 27, 45, '5'),
(1294, 27, 46, '5'),
(1295, 27, 47, '4'),
(1296, 27, 48, '5'),
(1297, 27, 49, '4'),
(1298, 27, 50, ''),
(1299, 27, 51, '09/15/22 12:00 AM'),
(1300, 27, 52, 'JOHN RYAN AQUINO ENRIQUEZ'),
(1301, 28, 1, 'Agree'),
(1302, 28, 2, ''),
(1303, 28, 3, 'Graduation'),
(1304, 28, 4, '4'),
(1305, 28, 5, '3'),
(1306, 28, 6, '3'),
(1307, 28, 7, '4'),
(1308, 28, 8, '3'),
(1309, 28, 9, '3'),
(1310, 28, 10, '2'),
(1311, 28, 11, '4'),
(1312, 28, 12, '3'),
(1313, 28, 13, '3'),
(1314, 28, 14, '3'),
(1315, 28, 15, '3'),
(1316, 28, 16, '3'),
(1317, 28, 17, '3'),
(1318, 28, 18, '3'),
(1319, 28, 19, '4'),
(1320, 28, 20, '3'),
(1321, 28, 21, '2'),
(1322, 28, 22, '3'),
(1323, 28, 23, '4'),
(1324, 28, 24, '3'),
(1325, 28, 25, '3'),
(1326, 28, 26, '3'),
(1327, 28, 27, '3'),
(1328, 28, 28, '4'),
(1329, 28, 29, '3'),
(1330, 28, 30, '4'),
(1331, 28, 31, '3'),
(1332, 28, 32, '3'),
(1333, 28, 33, '3'),
(1334, 28, 34, '3'),
(1335, 28, 35, '3'),
(1336, 28, 36, '2'),
(1337, 28, 37, '2'),
(1338, 28, 38, '3'),
(1339, 28, 39, '2'),
(1340, 28, 40, '2'),
(1341, 28, 41, '4'),
(1342, 28, 42, '4'),
(1343, 28, 43, '4'),
(1344, 28, 44, '3'),
(1345, 28, 45, '3'),
(1346, 28, 46, '3'),
(1347, 28, 47, '4'),
(1348, 28, 48, '3'),
(1349, 28, 49, '3'),
(1350, 28, 50, ''),
(1351, 28, 51, '10/19/22 12:00 AM'),
(1352, 28, 52, 'FATIMA ASHLEY OBLINA JUNDAM'),
(1353, 29, 1, 'Agree'),
(1354, 29, 2, ''),
(1355, 29, 3, 'Graduation'),
(1356, 29, 4, '5'),
(1357, 29, 5, '5'),
(1358, 29, 6, '5'),
(1359, 29, 7, '5'),
(1360, 29, 8, '5'),
(1361, 29, 9, '5'),
(1362, 29, 10, '5'),
(1363, 29, 11, '5'),
(1364, 29, 12, '5'),
(1365, 29, 13, '5'),
(1366, 29, 14, '5'),
(1367, 29, 15, '5'),
(1368, 29, 16, '5'),
(1369, 29, 17, '5'),
(1370, 29, 18, '5'),
(1371, 29, 19, '5'),
(1372, 29, 20, '5'),
(1373, 29, 21, '5'),
(1374, 29, 22, '5'),
(1375, 29, 23, '5'),
(1376, 29, 24, '5'),
(1377, 29, 25, '5'),
(1378, 29, 26, '5'),
(1379, 29, 27, '5'),
(1380, 29, 28, '5'),
(1381, 29, 29, '5'),
(1382, 29, 30, '5'),
(1383, 29, 31, '5'),
(1384, 29, 32, '5'),
(1385, 29, 33, '5'),
(1386, 29, 34, '5'),
(1387, 29, 35, '5'),
(1388, 29, 36, '5'),
(1389, 29, 37, '5'),
(1390, 29, 38, '5'),
(1391, 29, 39, '5'),
(1392, 29, 40, '5'),
(1393, 29, 41, '5'),
(1394, 29, 42, '5'),
(1395, 29, 43, '5'),
(1396, 29, 44, '5'),
(1397, 29, 45, '5'),
(1398, 29, 46, '5'),
(1399, 29, 47, '5'),
(1400, 29, 48, '5'),
(1401, 29, 49, '5'),
(1402, 29, 50, 'The best ang PUP!'),
(1403, 29, 51, '10/19/22 12:00 AM'),
(1404, 29, 52, 'ACE ANDREI MARTINEZ'),
(1405, 30, 1, 'Agree'),
(1406, 30, 2, ''),
(1407, 30, 3, 'Graduation'),
(1408, 30, 4, '5'),
(1409, 30, 5, '3'),
(1410, 30, 6, '3'),
(1411, 30, 7, '5'),
(1412, 30, 8, '2'),
(1413, 30, 9, '5'),
(1414, 30, 10, '5'),
(1415, 30, 11, '5'),
(1416, 30, 12, '5'),
(1417, 30, 13, '4'),
(1418, 30, 14, '5'),
(1419, 30, 15, '5'),
(1420, 30, 16, '5'),
(1421, 30, 17, '5'),
(1422, 30, 18, '5'),
(1423, 30, 19, '5'),
(1424, 30, 20, '4'),
(1425, 30, 21, '5'),
(1426, 30, 22, '5'),
(1427, 30, 23, '5'),
(1428, 30, 24, '5'),
(1429, 30, 25, '5'),
(1430, 30, 26, '2'),
(1431, 30, 27, '3'),
(1432, 30, 28, '4'),
(1433, 30, 29, '5'),
(1434, 30, 30, '5'),
(1435, 30, 31, '5'),
(1436, 30, 32, '5'),
(1437, 30, 33, '5'),
(1438, 30, 34, '5'),
(1439, 30, 35, '5'),
(1440, 30, 36, '5'),
(1441, 30, 37, '5'),
(1442, 30, 38, '5'),
(1443, 30, 39, '5'),
(1444, 30, 40, '5'),
(1445, 30, 41, '5'),
(1446, 30, 42, '5'),
(1447, 30, 43, '5'),
(1448, 30, 44, '5'),
(1449, 30, 45, '5'),
(1450, 30, 46, '5'),
(1451, 30, 47, '5'),
(1452, 30, 48, '4'),
(1453, 30, 49, '4'),
(1454, 30, 50, ''),
(1455, 30, 51, '09/16/22 12:00 AM'),
(1456, 30, 52, 'KING DOMINIQUE ERASMO MAYO'),
(1457, 31, 1, 'Agree'),
(1458, 31, 2, ''),
(1459, 31, 3, 'Graduation'),
(1460, 31, 4, '5'),
(1461, 31, 5, '5'),
(1462, 31, 6, '5'),
(1463, 31, 7, '5'),
(1464, 31, 8, '5'),
(1465, 31, 9, '5'),
(1466, 31, 10, '5'),
(1467, 31, 11, '5'),
(1468, 31, 12, '5'),
(1469, 31, 13, '5'),
(1470, 31, 14, '5'),
(1471, 31, 15, '5'),
(1472, 31, 16, '5'),
(1473, 31, 17, '5'),
(1474, 31, 18, '5'),
(1475, 31, 19, '5'),
(1476, 31, 20, '5'),
(1477, 31, 21, '5'),
(1478, 31, 22, '5'),
(1479, 31, 23, '5'),
(1480, 31, 24, '5'),
(1481, 31, 25, '5'),
(1482, 31, 26, '5'),
(1483, 31, 27, '5'),
(1484, 31, 28, '5'),
(1485, 31, 29, '5'),
(1486, 31, 30, '5'),
(1487, 31, 31, '5'),
(1488, 31, 32, '5'),
(1489, 31, 33, '5'),
(1490, 31, 34, '5'),
(1491, 31, 35, '5'),
(1492, 31, 36, '5'),
(1493, 31, 37, '5'),
(1494, 31, 38, '5'),
(1495, 31, 39, '5'),
(1496, 31, 40, '5'),
(1497, 31, 41, '5'),
(1498, 31, 42, '5'),
(1499, 31, 43, '5'),
(1500, 31, 44, '5'),
(1501, 31, 45, '5'),
(1502, 31, 46, '5'),
(1503, 31, 47, '5'),
(1504, 31, 48, '5'),
(1505, 31, 49, '5'),
(1506, 31, 50, ''),
(1507, 31, 51, '09/16/22 12:00 AM'),
(1508, 31, 52, 'KYLE CLOUIE SESCON MOSEÑOS');

-- --------------------------------------------------------

--
-- Table structure for table `form_eif_categories`
--

CREATE TABLE `form_eif_categories` (
  `category_id` int(10) UNSIGNED NOT NULL,
  `form_id` int(10) UNSIGNED DEFAULT NULL,
  `category_name` varchar(255) COLLATE utf8mb4_unicode_ci NOT NULL
) ENGINE=InnoDB DEFAULT CHARSET=utf8mb4 COLLATE=utf8mb4_unicode_ci;

--
-- Dumping data for table `form_eif_categories`
--

INSERT INTO `form_eif_categories` (`category_id`, `form_id`, `category_name`) VALUES
(1, 2, 'Data Privacy Notice'),
(2, 2, 'Personal Information'),
(3, 2, 'Overall'),
(4, 2, 'Director’s Office'),
(5, 2, 'Office of the Head of Academic Programs'),
(6, 2, 'Administrative Office'),
(7, 2, 'Accounting/Cashier’s Office'),
(8, 2, 'Office of Student Services/Scholarship'),
(9, 2, 'Admission/Registration Office'),
(10, 2, 'Guidance and Counseling Office'),
(11, 2, 'Library Services'),
(12, 2, 'Medical Services'),
(13, 2, 'Dental Services'),
(14, 2, 'Security Office'),
(15, 2, 'Janitorial Services'),
(16, 2, 'Overall PUPT'),
(17, 2, 'Date and Signature');

-- --------------------------------------------------------

--
-- Table structure for table `form_eif_questions`
--

CREATE TABLE `form_eif_questions` (
  `question_id` int(10) UNSIGNED NOT NULL,
  `category_id` int(10) UNSIGNED DEFAULT NULL,
  `question_text` varchar(255) COLLATE utf8mb4_unicode_ci NOT NULL,
  `question_type` varchar(255) COLLATE utf8mb4_unicode_ci NOT NULL,
  `question_placeholder` varchar(255) COLLATE utf8mb4_unicode_ci DEFAULT NULL
) ENGINE=InnoDB DEFAULT CHARSET=utf8mb4 COLLATE=utf8mb4_unicode_ci;

--
-- Dumping data for table `form_eif_questions`
--

INSERT INTO `form_eif_questions` (`question_id`, `category_id`, `question_text`, `question_type`, `question_placeholder`) VALUES
(1, 1, 'Data Privacy Notice', 'checkbox', NULL),
(2, 2, 'If employed (Position, Company/Company Address, Telephone Number) If not employed (Put N/A)', 'text', NULL),
(3, 2, 'Reason for leaving PUP (Put a check on the box of your choice/s)', 'radio', NULL),
(4, 3, 'Academic Standard', 'radio', NULL),
(5, 3, 'School Activities', 'radio', NULL),
(6, 3, 'Faculty/Teacher', 'radio', NULL),
(7, 3, 'Facilities', 'radio', NULL),
(8, 3, 'Course Taken', 'radio', NULL),
(9, 3, 'Student Organization/s', 'radio', NULL),
(10, 3, 'Classmates', 'radio', NULL),
(11, 4, 'Quality of Service', 'radio', NULL),
(12, 4, 'Timeliness of Service', 'radio', NULL),
(13, 4, 'Courtesy of Staff', 'radio', NULL),
(14, 5, 'Quality of Service', 'radio', NULL),
(15, 5, 'Timeliness of Service', 'radio', NULL),
(16, 5, 'Courtesy of Staff', 'radio', NULL),
(17, 6, 'Quality of Service', 'radio', NULL),
(18, 6, 'Timeliness of Service', 'radio', NULL),
(19, 6, 'Courtesy of Staff', 'radio', NULL),
(20, 7, 'Quality of Service', 'radio', NULL),
(21, 7, 'Timeliness of Service', 'radio', NULL),
(22, 7, 'Courtesy of Staff', 'radio', NULL),
(23, 8, 'Quality of Service', 'radio', NULL),
(24, 8, 'Timeliness of Service', 'radio', NULL),
(25, 8, 'Courtesy of Staff', 'radio', NULL),
(26, 9, 'Quality of Service', 'radio', NULL),
(27, 9, 'Timeliness of Service', 'radio', NULL),
(28, 9, 'Courtesy of Staff', 'radio', NULL),
(29, 10, 'Quality of Service', 'radio', NULL),
(30, 10, 'Timeliness of Service', 'radio', NULL),
(31, 10, 'Courtesy of Staff', 'radio', NULL),
(32, 11, 'Quality of Service', 'radio', NULL),
(33, 11, 'Timeliness of Service', 'radio', NULL),
(34, 11, 'Courtesy of Staff', 'radio', NULL),
(35, 12, 'Quality of Service', 'radio', NULL),
(36, 12, 'Timeliness of Service', 'radio', NULL),
(37, 12, 'Courtesy of Staff', 'radio', NULL),
(38, 13, 'Quality of Service', 'radio', NULL),
(39, 13, 'Timeliness of Service', 'radio', NULL),
(40, 13, 'Courtesy of Staff', 'radio', NULL),
(41, 14, 'Quality of Service', 'radio', NULL),
(42, 14, 'Timeliness of Service', 'radio', NULL),
(43, 14, 'Courtesy of Staff', 'radio', NULL),
(44, 15, 'Quality of Service', 'radio', NULL),
(45, 15, 'Timeliness of Service', 'radio', NULL),
(46, 15, 'Courtesy of Staff', 'radio', NULL),
(47, 16, 'PUP Taguig Systems and Procedures', 'radio', NULL),
(48, 16, 'PUP Taguig Programs/Courses', 'radio', NULL),
(49, 16, 'PUP Taguig Services', 'radio', NULL),
(50, 17, 'Give your comments/suggestions/recommendations for the improvement of PUP Taguig', 'textarea', NULL),
(51, 17, 'Date Signed', 'date', NULL),
(52, 17, 'Signature', 'text', 'PRINTED NAME');

-- --------------------------------------------------------

--
-- Table structure for table `form_pds_answers`
--

CREATE TABLE `form_pds_answers` (
  `answer_id` int(10) UNSIGNED NOT NULL,
  `alumni_id` int(10) UNSIGNED DEFAULT NULL,
  `question_id` int(10) UNSIGNED DEFAULT NULL,
  `answer` varchar(255) COLLATE utf8mb4_unicode_ci NOT NULL
) ENGINE=InnoDB DEFAULT CHARSET=utf8mb4 COLLATE=utf8mb4_unicode_ci;

--
-- Dumping data for table `form_pds_answers`
--

INSERT INTO `form_pds_answers` (`answer_id`, `alumni_id`, `question_id`, `answer`) VALUES
(1, 2, 1, 'Agree'),
(2, 2, 2, 'Wilfredo Nadera'),
(3, 2, 3, ''),
(4, 2, 4, 'Maricris Nadera'),
(5, 2, 5, ''),
(6, 2, 6, 'Infinite Courier Services'),
(7, 2, 7, 'Secretary'),
(8, 2, 8, 'Jul. 2020 - Feb. 2022'),
(9, 2, 9, ''),
(10, 2, 10, ''),
(11, 2, 11, ''),
(12, 2, 12, ''),
(13, 2, 13, ''),
(14, 2, 14, ''),
(15, 2, 15, '2022-09-15'),
(16, 2, 16, 'WILMA VALERIO NADERA'),
(17, 3, 1, 'Agree'),
(18, 3, 2, 'Benjamin Jacinto'),
(19, 3, 3, ''),
(20, 3, 4, 'Racquel Jacinto'),
(21, 3, 5, '9952320716'),
(22, 3, 6, 'Commission on Elections'),
(23, 3, 7, 'Poll Clerk'),
(24, 3, 8, 'May 2018 & May 2019'),
(25, 3, 9, 'Engineering your Finances'),
(26, 3, 10, '05-Feb-21'),
(27, 3, 11, ''),
(28, 3, 12, ''),
(29, 3, 13, ''),
(30, 3, 14, ''),
(31, 3, 15, '2022-09-15'),
(32, 3, 16, 'JIBRAEL GUTIERREZ JACINTO'),
(33, 4, 1, 'Agree'),
(34, 4, 2, 'Jessie S. Mota Sr.'),
(35, 4, 3, ''),
(36, 4, 4, 'Edeltrodes S. Mota'),
(37, 4, 5, '9165542262'),
(38, 4, 6, 'ADCEM'),
(39, 4, 7, 'surveyor'),
(40, 4, 8, 'April'),
(41, 4, 9, 'Kuryenthink: A primer to electrical circuits and electrical aagety'),
(42, 4, 10, 'Sep-21'),
(43, 4, 11, ''),
(44, 4, 12, ''),
(45, 4, 13, ''),
(46, 4, 14, ''),
(47, 4, 15, '2022-10-20'),
(48, 4, 16, 'JUSTINE JAYCE S. MOTA'),
(49, 5, 1, 'Agree'),
(50, 5, 2, 'Carlo L. Laguerta'),
(51, 5, 3, ''),
(52, 5, 4, 'Delia D. Laguerta'),
(53, 5, 5, ''),
(54, 5, 6, ''),
(55, 5, 7, ''),
(56, 5, 8, ''),
(57, 5, 9, 'Fundamentals of 5G'),
(58, 5, 10, 'Jul-21'),
(59, 5, 11, ''),
(60, 5, 12, ''),
(61, 5, 13, ''),
(62, 5, 14, ''),
(63, 5, 15, '2022-09-16'),
(64, 5, 16, 'LESTER DEOCAREZA LAGUERTA'),
(65, 6, 1, 'Agree'),
(66, 6, 2, 'Renato Coyme'),
(67, 6, 3, '9281871814'),
(68, 6, 4, 'Juliana Coyme'),
(69, 6, 5, '9281871814'),
(70, 6, 6, ''),
(71, 6, 7, ''),
(72, 6, 8, ''),
(73, 6, 9, '- UNFOLD: Different Career Paths on Our Next Journey (Cloud Computing)'),
(74, 6, 10, '06-May-22'),
(75, 6, 11, ''),
(76, 6, 12, ''),
(77, 6, 13, ''),
(78, 6, 14, ''),
(79, 6, 15, '2022-09-18'),
(80, 6, 16, 'RENA JANE BULFA COYME'),
(81, 7, 1, 'Agree'),
(82, 7, 2, 'Alejandro Dellota'),
(83, 7, 3, '9177127071'),
(84, 7, 4, 'Lualhati Dellota'),
(85, 7, 5, '9283173194'),
(86, 7, 6, ''),
(87, 7, 7, ''),
(88, 7, 8, ''),
(89, 7, 9, 'Exceed'),
(90, 7, 10, 'Apr-21'),
(91, 7, 11, ''),
(92, 7, 12, ''),
(93, 7, 13, ''),
(94, 7, 14, ''),
(95, 7, 15, '2022-09-15'),
(96, 7, 16, 'PAMELA DELA CRUZ DELLOTA'),
(97, 8, 1, 'Agree'),
(98, 8, 2, 'Gerardo G. Ramos'),
(99, 8, 3, '9178307117'),
(100, 8, 4, 'Leila A. Ramos'),
(101, 8, 5, '9175497117'),
(102, 8, 6, 'Accounting Department'),
(103, 8, 7, 'Intern'),
(104, 8, 8, 'Sep 2021 - Jan 2022'),
(105, 8, 9, 'Leaders in Sync: Building a Culture of Responsible Leadership 2019'),
(106, 8, 10, 'Jun-19'),
(107, 8, 11, ''),
(108, 8, 12, ''),
(109, 8, 13, ''),
(110, 8, 14, ''),
(111, 8, 15, '2022-09-15'),
(112, 8, 16, 'GRACE ANGELA AGUIRRE RAMOS'),
(113, 9, 1, 'Agree'),
(114, 9, 2, 'Ronaldo C. Carpizo'),
(115, 9, 3, '9279480364'),
(116, 9, 4, 'Nena C. Carpizo'),
(117, 9, 5, '9295898014'),
(118, 9, 6, ''),
(119, 9, 7, ''),
(120, 9, 8, ''),
(121, 9, 9, 'Jobs180.com Marketing Me : Career Development Webinar'),
(122, 9, 10, 'September 2, 2022'),
(123, 9, 11, ''),
(124, 9, 12, ''),
(125, 9, 13, ''),
(126, 9, 14, ''),
(127, 9, 15, '2022-09-15'),
(128, 9, 16, 'KEFF JOSHUA CIPRIANO CARPIZO'),
(129, 10, 1, 'Agree'),
(130, 10, 2, 'Jimmy L. Ramirez'),
(131, 10, 3, ''),
(132, 10, 4, 'Annabella D. Ramirez'),
(133, 10, 5, '9274029113'),
(134, 10, 6, 'E-wha foam Inc.'),
(135, 10, 7, 'Accounting Intern'),
(136, 10, 8, 'October - December 2021'),
(137, 10, 9, 'The Annual DLSU Accounting Convention for Business Leaders, Transcending the Extremes of Becoming Accountant in Unprecedented Times, and Global Finance Convention'),
(138, 10, 10, 'January - April 2021'),
(139, 10, 11, ''),
(140, 10, 12, ''),
(141, 10, 13, ''),
(142, 10, 14, ''),
(143, 10, 15, '2000-08-04'),
(144, 10, 16, 'KRISTHELL JEAN DUMAOG RAMIREZ'),
(145, 11, 1, 'Agree'),
(146, 11, 2, 'Alejandro B. Fernando'),
(147, 11, 3, '9165666043'),
(148, 11, 4, 'Eloisa L. Fernando'),
(149, 11, 5, '9297011159'),
(150, 11, 6, 'CKKC Electrical Supply'),
(151, 11, 7, 'Assistant Purchasing Officer'),
(152, 11, 8, 'February - September 2022'),
(153, 11, 9, 'MS EXCEL SERIES: ESSENTIALS BEYOND THE EX-CELLS'),
(154, 11, 10, 'Aug-21'),
(155, 11, 11, ''),
(156, 11, 12, ''),
(157, 11, 13, ''),
(158, 11, 14, ''),
(159, 11, 15, '2000-05-12'),
(160, 11, 16, 'ALEXSANDRA LABID FERNANDO'),
(161, 12, 1, 'Agree'),
(162, 12, 2, 'Burt L. Abraham'),
(163, 12, 3, '9999585680'),
(164, 12, 4, 'Tessie DS. Abraham'),
(165, 12, 5, '9399612289'),
(166, 12, 6, ''),
(167, 12, 7, ''),
(168, 12, 8, ''),
(169, 12, 9, 'Industrial Refrigeration Design and Maintenance'),
(170, 12, 10, '6-May-22'),
(171, 12, 11, ''),
(172, 12, 12, ''),
(173, 12, 13, ''),
(174, 12, 14, ''),
(175, 12, 15, '10/19/2022'),
(176, 12, 16, 'VOLTAIRE DE SILVA ABRAHAM'),
(177, 13, 1, 'Agree'),
(178, 13, 2, 'Bernandino Al-ag'),
(179, 13, 3, '9664458722'),
(180, 13, 4, 'Lourdes G. Al-ag'),
(181, 13, 5, '9970871953'),
(182, 13, 6, 'admin'),
(183, 13, 7, 'admin'),
(184, 13, 8, '2022'),
(185, 13, 9, '70th NatCon'),
(186, 13, 10, '2022'),
(187, 13, 11, ''),
(188, 13, 12, ''),
(189, 13, 13, ''),
(190, 13, 14, ''),
(191, 13, 15, '10/23/2022'),
(192, 13, 16, 'JOHN BERNARD GOZON AL-AG'),
(193, 14, 1, 'Agree'),
(194, 14, 2, 'Eulogio Cruz'),
(195, 14, 3, '9216250240'),
(196, 14, 4, 'Milgrace Cruz'),
(197, 14, 5, '9228853522'),
(198, 14, 6, 'PUP T'),
(199, 14, 7, 'Study Tracer'),
(200, 14, 8, '2021'),
(201, 14, 9, 'Boiler Operation and Maintenance (MEPF) - Basic of Water Based Fire Protection Systern (PSME) - Introduction on Occupational Safety and Health as a Career (Ovaldesk Inc.) - Mechanical Engineering Students\' Pathway to Project Management (PSME) - Financial '),
(202, 14, 10, '2021'),
(203, 14, 11, ''),
(204, 14, 12, ''),
(205, 14, 13, ''),
(206, 14, 14, ''),
(207, 14, 15, '11/29/2022'),
(208, 14, 16, 'EULE KHRISTIAN AÑONUEVO CRUZ'),
(209, 15, 1, 'Agree'),
(210, 15, 2, 'Elmer P. Cunanan'),
(211, 15, 3, ''),
(212, 15, 4, 'Victoria T. Cunanan'),
(213, 15, 5, '9919670881'),
(214, 15, 6, ''),
(215, 15, 7, ''),
(216, 15, 8, ''),
(217, 15, 9, 'BOSH Training Program'),
(218, 15, 10, 'April 25-29, 2022'),
(219, 15, 11, ''),
(220, 15, 12, ''),
(221, 15, 13, ''),
(222, 15, 14, ''),
(223, 15, 15, '9/16/2022'),
(224, 15, 16, 'PATRICIA MAE TRAZO CUNANAN'),
(225, 16, 1, 'Agree'),
(226, 16, 2, 'Renauld C. Dula'),
(227, 16, 3, '9282819750'),
(228, 16, 4, 'Pamela S. Dula'),
(229, 16, 5, '9189205216'),
(230, 16, 6, ''),
(231, 16, 7, ''),
(232, 16, 8, ''),
(233, 16, 9, 'Basic Occupational Safety and Health Workshop'),
(234, 16, 10, ''),
(235, 16, 11, ''),
(236, 16, 12, ''),
(237, 16, 13, ''),
(238, 16, 14, ''),
(239, 16, 15, '9/16/2022'),
(240, 16, 16, 'JUDE THADDEUS SEMILLA DULA'),
(241, 17, 1, 'Agree'),
(242, 17, 2, 'Wahab S. Racman'),
(243, 17, 3, '9753973117'),
(244, 17, 4, 'Zenaida S. Racman'),
(245, 17, 5, '9061965832'),
(246, 17, 6, ''),
(247, 17, 7, ''),
(248, 17, 8, ''),
(249, 17, 9, 'Fundamentals of 5G technology'),
(250, 17, 10, '29-Jul-21'),
(251, 17, 11, ''),
(252, 17, 12, ''),
(253, 17, 13, ''),
(254, 17, 14, ''),
(255, 17, 15, '2022-09-15'),
(256, 17, 16, 'IMTARID SALAZAR RACMAN'),
(257, 18, 1, 'Agree'),
(258, 18, 2, 'Roel R. Torrejos'),
(259, 18, 3, '9955669463'),
(260, 18, 4, 'Rosalie C. Torrejos'),
(261, 18, 5, '0995 566 9463'),
(262, 18, 6, ''),
(263, 18, 7, ''),
(264, 18, 8, ''),
(265, 18, 9, 'Fundamentals of 5G Technology, Engineering Summit, Introduction on OSH as a Career'),
(266, 18, 10, 'August 13-14, 2022, May 20, 2022, December 8, 2021'),
(267, 18, 11, ''),
(268, 18, 12, ''),
(269, 18, 13, ''),
(270, 18, 14, ''),
(271, 18, 15, '2022-09-18'),
(272, 18, 16, 'SHANNEN MAE CARRIAGA TORREJOS'),
(273, 19, 1, 'Agree'),
(274, 19, 2, 'Reynaldo Agudera'),
(275, 19, 3, ''),
(276, 19, 4, 'Caridad Agudera'),
(277, 19, 5, ''),
(278, 19, 6, 'ADCEM Teleconstruct'),
(279, 19, 7, 'Site Surveyor'),
(280, 19, 8, 'May - January'),
(281, 19, 9, 'Arduino'),
(282, 19, 10, '2021'),
(283, 19, 11, ''),
(284, 19, 12, ''),
(285, 19, 13, ''),
(286, 19, 14, ''),
(287, 19, 15, '2022-09-19'),
(288, 19, 16, 'XAVIER ADRALES AGUDERA'),
(289, 20, 1, 'Agree'),
(290, 20, 2, 'Felipe C. Meriel'),
(291, 20, 3, '9288049097'),
(292, 20, 4, 'Mamercia Emilia C. Meriel'),
(293, 20, 5, '9296298196'),
(294, 20, 6, 'City of Parañaqu- FMU, Alorica MOA'),
(295, 20, 7, 'Student Assistant, CEA'),
(296, 20, 8, 'May 2017- June 2017, September 2022- Present'),
(297, 20, 9, ''),
(298, 20, 10, ''),
(299, 20, 11, ''),
(300, 20, 12, ''),
(301, 20, 13, ''),
(302, 20, 14, ''),
(303, 20, 15, '2022-10-21'),
(304, 20, 16, 'CRIMSON CARZON MERIEL'),
(305, 21, 1, 'Agree'),
(306, 21, 2, 'Ricardo Panestante'),
(307, 21, 3, '9079594531'),
(308, 21, 4, 'Judy Panestante'),
(309, 21, 5, '9507762787'),
(310, 21, 6, ''),
(311, 21, 7, ''),
(312, 21, 8, ''),
(313, 21, 9, ''),
(314, 21, 10, ''),
(315, 21, 11, ''),
(316, 21, 12, ''),
(317, 21, 13, ''),
(318, 21, 14, ''),
(319, 21, 15, '2022-09-15'),
(320, 21, 16, 'JOHN REX GORDONAS PANESTANTE'),
(321, 22, 1, 'Agree'),
(322, 22, 2, 'Joel Almodal'),
(323, 22, 3, '9770125725'),
(324, 22, 4, 'Jenifer Almodal'),
(325, 22, 5, '9692323612'),
(326, 22, 6, 'Assurance/R.S. Bernaldo & Associates'),
(327, 22, 7, 'Audit Intern'),
(328, 22, 8, 'November 2, 2021-January 14, 2022'),
(329, 22, 9, 'Fusion: Spectrum of Possibilities'),
(330, 22, 10, '2021'),
(331, 22, 11, ''),
(332, 22, 12, ''),
(333, 22, 13, ''),
(334, 22, 14, ''),
(335, 22, 15, '2022-09-16'),
(336, 22, 16, 'ANNE CLARISSE VITUG ALMODAL'),
(337, 23, 1, 'Agree'),
(338, 23, 2, 'Al C. Bautista'),
(339, 23, 3, ''),
(340, 23, 4, 'Janette E. Bautista'),
(341, 23, 5, '9610912543'),
(342, 23, 6, ''),
(343, 23, 7, ''),
(344, 23, 8, ''),
(345, 23, 9, 'MS EXCEL SERIES: ESSENTIALS BEYOND THE EX-CELLS'),
(346, 23, 10, 'Aug-21'),
(347, 23, 11, 'CHRYSALIS: TRANSITIONING INTO DIGITAL AUDITING OCTOBER'),
(348, 23, 12, 'Oct-21'),
(349, 23, 13, 'NFJPIA-NCR BUILDING EXEMPLAR ACCOUNTANTS CONVENTION: FINANCIAL LITERACY SEMINAR'),
(350, 23, 14, 'Nov-21'),
(351, 23, 15, '2022-10-19'),
(352, 23, 16, 'ALEX LIAM ENCISA BAUTISTA'),
(353, 24, 1, 'Agree'),
(354, 24, 2, 'Joel A. Carag'),
(355, 24, 3, '9061991218'),
(356, 24, 4, 'Amy S. Carag'),
(357, 24, 5, '9066648679'),
(358, 24, 6, ''),
(359, 24, 7, ''),
(360, 24, 8, ''),
(361, 24, 9, ''),
(362, 24, 10, ''),
(363, 24, 11, ''),
(364, 24, 12, ''),
(365, 24, 13, ''),
(366, 24, 14, ''),
(367, 24, 15, '2022-09-15'),
(368, 24, 16, 'JHOMYL SANCHEZ CARAG'),
(369, 25, 1, 'Agree'),
(370, 25, 2, 'RICHARD L. FORTICH'),
(371, 25, 3, '9301990890'),
(372, 25, 4, 'EVANGELINE R. FORTICH'),
(373, 25, 5, '9301990890'),
(374, 25, 6, 'D.E NAMORO BUSINESS ASSISTANCE OFFICE'),
(375, 25, 7, 'ACCOUNTING INTERN'),
(376, 25, 8, 'OCTOBER-DECEMBER 2021'),
(377, 25, 9, 'EXCEED 2021'),
(378, 25, 10, 'APRIL 17, 24, 2021'),
(379, 25, 11, ''),
(380, 25, 12, ''),
(381, 25, 13, ''),
(382, 25, 14, ''),
(383, 25, 15, '2022-12-09'),
(384, 25, 16, 'MICHAELA RAMIREZ FORTICH'),
(385, 26, 1, 'Agree'),
(386, 26, 2, 'Julieto Macabugto'),
(387, 26, 3, ''),
(388, 26, 4, 'Marites Macabugto'),
(389, 26, 5, '9128970909'),
(390, 26, 6, ''),
(391, 26, 7, ''),
(392, 26, 8, ''),
(393, 26, 9, 'PUPFJPIA Opening Ceremonies entitled SINAYA: Ang Unang Layag'),
(394, 26, 10, 'October 30, 2021'),
(395, 26, 11, ''),
(396, 26, 12, ''),
(397, 26, 13, ''),
(398, 26, 14, ''),
(399, 26, 15, '2022-10-14'),
(400, 26, 16, 'JEFSEY MAE NACAYTUNA MACABUGTO'),
(401, 27, 1, 'Agree'),
(402, 27, 2, 'Donisio M. Enriquez'),
(403, 27, 3, '9392112763'),
(404, 27, 4, 'Rossell A. Enriquez'),
(405, 27, 5, '9215762205'),
(406, 27, 6, ''),
(407, 27, 7, ''),
(408, 27, 8, ''),
(409, 27, 9, 'Basic Occupational Safety and Health'),
(410, 27, 10, 'April 25-29, 2022'),
(411, 27, 11, ''),
(412, 27, 12, ''),
(413, 27, 13, ''),
(414, 27, 14, ''),
(415, 27, 15, '9/15/2022'),
(416, 27, 16, 'JOHN RYAN AQUINO ENRIQUEZ'),
(417, 28, 1, 'Agree'),
(418, 28, 2, 'Bin Fahd A. Jundam'),
(419, 28, 3, '9166657248'),
(420, 28, 4, 'Fatima Mae O. Jundam'),
(421, 28, 5, '9666542922'),
(422, 28, 6, 'BPO'),
(423, 28, 7, 'Market Researcher'),
(424, 28, 8, 'February 2020 - Present'),
(425, 28, 9, 'Industrial Refrigeration Design and Maintenance'),
(426, 28, 10, '5/6/2022'),
(427, 28, 11, ''),
(428, 28, 12, ''),
(429, 28, 13, ''),
(430, 28, 14, ''),
(431, 28, 15, '10/19/2022'),
(432, 28, 16, 'FATIMA ASHLEY OBLIMA JUNDAM'),
(433, 29, 1, 'Agree'),
(434, 29, 2, 'Antonio P. Nilo'),
(435, 29, 3, ''),
(436, 29, 4, 'Mary Jean M. Martinez'),
(437, 29, 5, '9122123038'),
(438, 29, 6, 'Department of Science and Technology/OJT/Research Information Dissemination Division'),
(439, 29, 7, 'Clerk (OJT)'),
(440, 29, 8, 'November-January (2017-2018)'),
(441, 29, 9, 'Basic Occupational Safety and Health (BOSH) Safety Officer 2'),
(442, 29, 10, 'April 25-29, 2022'),
(443, 29, 11, ''),
(444, 29, 12, ''),
(445, 29, 13, ''),
(446, 29, 14, ''),
(447, 29, 15, '9/16/2022'),
(448, 29, 16, 'ACE ANDREI MARTINEZ'),
(449, 30, 1, 'Agree'),
(450, 30, 2, 'Wilson V. Mayo'),
(451, 30, 3, '9128097283'),
(452, 30, 4, 'Elizabeth E. Mayo'),
(453, 30, 5, '9128097283'),
(454, 30, 6, ''),
(455, 30, 7, ''),
(456, 30, 8, ''),
(457, 30, 9, 'Basic Occupational Safety and Health (BOSH)'),
(458, 30, 10, 'April 25-29, 2022'),
(459, 30, 11, ''),
(460, 30, 12, ''),
(461, 30, 13, ''),
(462, 30, 14, ''),
(463, 30, 15, '9/16/2022'),
(464, 30, 16, 'KING DOMINIC ERASMO MAYO'),
(465, 31, 1, 'Agree'),
(466, 31, 2, 'Nilcar T. Moseños'),
(467, 31, 3, '9675132879'),
(468, 31, 4, 'Rodalyn M. Sescon'),
(469, 31, 5, '9467653751'),
(470, 31, 6, ''),
(471, 31, 7, ''),
(472, 31, 8, ''),
(473, 31, 9, ''),
(474, 31, 10, ''),
(475, 31, 11, ''),
(476, 31, 12, ''),
(477, 31, 13, ''),
(478, 31, 14, ''),
(479, 31, 15, '9/16/2022'),
(480, 31, 16, 'KYLE CLOUIE SESCON MOSEÑOS');

-- --------------------------------------------------------

--
-- Table structure for table `form_pds_categories`
--

CREATE TABLE `form_pds_categories` (
  `category_id` int(10) UNSIGNED NOT NULL,
  `form_id` int(10) UNSIGNED DEFAULT NULL,
  `category_name` varchar(255) COLLATE utf8mb4_unicode_ci NOT NULL
) ENGINE=InnoDB DEFAULT CHARSET=utf8mb4 COLLATE=utf8mb4_unicode_ci;

--
-- Dumping data for table `form_pds_categories`
--

INSERT INTO `form_pds_categories` (`category_id`, `form_id`, `category_name`) VALUES
(1, 1, 'Data Privacy Notice'),
(2, 1, 'Personal Information'),
(3, 1, 'Work Experience/s'),
(4, 1, 'Trainings/Seminars Attended'),
(5, 1, 'Waiver');

-- --------------------------------------------------------

--
-- Table structure for table `form_pds_questions`
--

CREATE TABLE `form_pds_questions` (
  `question_id` int(10) UNSIGNED NOT NULL,
  `category_id` int(10) UNSIGNED DEFAULT NULL,
  `question_text` varchar(255) COLLATE utf8mb4_unicode_ci NOT NULL,
  `question_type` varchar(255) COLLATE utf8mb4_unicode_ci NOT NULL,
  `question_placeholder` varchar(255) COLLATE utf8mb4_unicode_ci DEFAULT NULL
) ENGINE=InnoDB DEFAULT CHARSET=utf8mb4 COLLATE=utf8mb4_unicode_ci;

--
-- Dumping data for table `form_pds_questions`
--

INSERT INTO `form_pds_questions` (`question_id`, `category_id`, `question_text`, `question_type`, `question_placeholder`) VALUES
(1, 1, 'Data Privacy Notice', 'checkbox', NULL),
(2, 2, 'Father\'s Name', 'text', 'Father\'s Full Name'),
(3, 2, 'Father\'s Number', 'text', '09123456789'),
(4, 2, 'Mother\'s Name', 'text', 'Mother\'s Maiden Name'),
(5, 2, 'Mother\'s Number', 'text', '09123456789'),
(6, 3, 'Department/Agency/Office', 'text', 'e.g. HR Department'),
(7, 3, 'Position/Job Title', 'text', 'e.g HR Recruiter'),
(8, 3, 'Inclusive Dates', 'text', 'March 1 to June 1 of 2022'),
(9, 4, 'Seminar/Training/Workshop', 'text', 'Seminar/Training/Workshop'),
(10, 4, 'Inclusive Dates', 'text', 'March 1 to June 1 of 2022'),
(11, 4, 'Seminar/Training/Workshop', 'text', 'Seminar/Training/Workshop'),
(12, 4, 'Inclusive Dates', 'text', 'March 1 to June 1 of 2022'),
(13, 4, 'Seminar/Training/Workshop', 'text', 'Seminar/Training/Workshop'),
(14, 4, 'Inclusive Dates', 'text', 'March 1 to June 1 of 2022'),
(15, 5, 'Date Signed', 'date', NULL),
(16, 5, 'Signature', 'text', 'PRINTED NAME');

-- --------------------------------------------------------

--
-- Table structure for table `form_sas_answers`
--

CREATE TABLE `form_sas_answers` (
  `answer_id` int(10) UNSIGNED NOT NULL,
  `alumni_id` int(10) UNSIGNED DEFAULT NULL,
  `question_id` int(10) UNSIGNED DEFAULT NULL,
  `answer` varchar(255) COLLATE utf8mb4_unicode_ci NOT NULL
) ENGINE=InnoDB DEFAULT CHARSET=utf8mb4 COLLATE=utf8mb4_unicode_ci;

--
-- Dumping data for table `form_sas_answers`
--

INSERT INTO `form_sas_answers` (`answer_id`, `alumni_id`, `question_id`, `answer`) VALUES
(1, 2, 1, 'Agree'),
(2, 2, 2, '8 or more'),
(3, 2, 3, '1'),
(4, 2, 4, '1'),
(5, 2, 5, '1'),
(6, 2, 6, '1'),
(7, 2, 7, '1'),
(8, 2, 8, '1'),
(9, 2, 9, '1'),
(10, 2, 10, '1'),
(11, 2, 11, '1'),
(12, 2, 12, '1'),
(13, 2, 13, '1'),
(14, 2, 14, '1'),
(15, 2, 15, '1'),
(16, 2, 16, '1'),
(17, 2, 17, '1'),
(18, 2, 18, '1'),
(19, 2, 19, '1'),
(20, 2, 20, '1'),
(21, 2, 21, '1'),
(22, 2, 22, '1'),
(23, 2, 23, '1'),
(24, 2, 24, '1'),
(25, 2, 25, '1'),
(26, 2, 26, '1'),
(27, 2, 27, '1'),
(28, 2, 28, '1'),
(29, 2, 29, '1'),
(30, 2, 30, '1'),
(31, 2, 31, '1'),
(32, 2, 32, '1'),
(33, 2, 33, '1'),
(34, 2, 34, '1'),
(35, 2, 35, '1'),
(36, 2, 36, '1'),
(37, 2, 37, '1'),
(38, 2, 38, '1'),
(39, 2, 39, '1'),
(40, 2, 40, '1'),
(41, 2, 41, '1'),
(42, 2, 42, '1'),
(43, 2, 43, '1'),
(44, 2, 44, '1'),
(45, 2, 45, '1'),
(46, 2, 46, '1'),
(47, 2, 47, '1'),
(48, 2, 48, '1'),
(49, 2, 49, '1'),
(50, 2, 50, '1'),
(51, 2, 51, '1'),
(52, 2, 52, '1'),
(53, 2, 53, '1'),
(54, 2, 54, '1'),
(55, 2, 55, '1'),
(56, 2, 56, '1'),
(57, 2, 57, '1'),
(58, 2, 58, '1'),
(59, 2, 59, '1'),
(60, 2, 60, '1'),
(61, 2, 61, '1'),
(62, 2, 62, '1'),
(63, 2, 63, '1'),
(64, 2, 64, '1'),
(65, 2, 65, '1'),
(66, 2, 66, '1'),
(67, 2, 67, '1'),
(68, 2, 68, '1'),
(69, 2, 69, '1'),
(70, 2, 70, '1'),
(71, 2, 71, '1'),
(72, 2, 72, '1'),
(73, 2, 73, '1'),
(74, 2, 74, '1'),
(75, 2, 75, '1'),
(76, 2, 76, '1'),
(77, 2, 77, '2022-09-15'),
(78, 2, 78, 'WILMA VALERIO NADERA'),
(79, 3, 1, 'Agree'),
(80, 3, 2, '8 or more'),
(81, 3, 3, '2'),
(82, 3, 4, '2'),
(83, 3, 5, '2'),
(84, 3, 6, '2'),
(85, 3, 7, '2'),
(86, 3, 8, '2'),
(87, 3, 9, '2'),
(88, 3, 10, '2'),
(89, 3, 11, '2'),
(90, 3, 12, '2'),
(91, 3, 13, '2'),
(92, 3, 14, '2'),
(93, 3, 15, '2'),
(94, 3, 16, '2'),
(95, 3, 17, '2'),
(96, 3, 18, '2'),
(97, 3, 19, '2'),
(98, 3, 20, '2'),
(99, 3, 21, '2'),
(100, 3, 22, '2'),
(101, 3, 23, '2'),
(102, 3, 24, '2'),
(103, 3, 25, '2'),
(104, 3, 26, '2'),
(105, 3, 27, '2'),
(106, 3, 28, '2'),
(107, 3, 29, '2'),
(108, 3, 30, '2'),
(109, 3, 31, '2'),
(110, 3, 32, '2'),
(111, 3, 33, '2'),
(112, 3, 34, '2'),
(113, 3, 35, '2'),
(114, 3, 36, '2'),
(115, 3, 37, '2'),
(116, 3, 38, '2'),
(117, 3, 39, '2'),
(118, 3, 40, '2'),
(119, 3, 41, '2'),
(120, 3, 42, '2'),
(121, 3, 43, '2'),
(122, 3, 44, '2'),
(123, 3, 45, '2'),
(124, 3, 46, '2'),
(125, 3, 47, '2'),
(126, 3, 48, '2'),
(127, 3, 49, '2'),
(128, 3, 50, '2'),
(129, 3, 51, '2'),
(130, 3, 52, '2'),
(131, 3, 53, '2'),
(132, 3, 54, '2'),
(133, 3, 55, '2'),
(134, 3, 56, '2'),
(135, 3, 57, '2'),
(136, 3, 58, '2'),
(137, 3, 59, '2'),
(138, 3, 60, '2'),
(139, 3, 61, '2'),
(140, 3, 62, '2'),
(141, 3, 63, '2'),
(142, 3, 64, '2'),
(143, 3, 65, '2'),
(144, 3, 66, '2'),
(145, 3, 67, '2'),
(146, 3, 68, '2'),
(147, 3, 69, '2'),
(148, 3, 70, '2'),
(149, 3, 71, '2'),
(150, 3, 72, '2'),
(151, 3, 73, '2'),
(152, 3, 74, '2'),
(153, 3, 75, '2'),
(154, 3, 76, '2'),
(155, 3, 77, '2022-09-15'),
(156, 3, 78, 'JIBRAEL GUTIERREZ JACINTO'),
(157, 4, 1, 'Agree'),
(158, 4, 2, '8 or more'),
(159, 4, 3, '2'),
(160, 4, 4, '2'),
(161, 4, 5, '2'),
(162, 4, 6, '2'),
(163, 4, 7, '2'),
(164, 4, 8, '2'),
(165, 4, 9, '2'),
(166, 4, 10, '2'),
(167, 4, 11, '2'),
(168, 4, 12, '2'),
(169, 4, 13, '2'),
(170, 4, 14, '2'),
(171, 4, 15, '2'),
(172, 4, 16, '2'),
(173, 4, 17, '2'),
(174, 4, 18, '2'),
(175, 4, 19, '2'),
(176, 4, 20, '2'),
(177, 4, 21, '2'),
(178, 4, 22, '2'),
(179, 4, 23, '2'),
(180, 4, 24, '1'),
(181, 4, 25, '2'),
(182, 4, 26, '2'),
(183, 4, 27, '1'),
(184, 4, 28, '2'),
(185, 4, 29, '2'),
(186, 4, 30, '1'),
(187, 4, 31, '1'),
(188, 4, 32, '2'),
(189, 4, 33, '2'),
(190, 4, 34, '2'),
(191, 4, 35, '1'),
(192, 4, 36, '2'),
(193, 4, 37, '1'),
(194, 4, 38, '4'),
(195, 4, 39, '2'),
(196, 4, 40, '2'),
(197, 4, 41, '1'),
(198, 4, 42, '2'),
(199, 4, 43, '2'),
(200, 4, 44, '1'),
(201, 4, 45, '2'),
(202, 4, 46, '2'),
(203, 4, 47, '1'),
(204, 4, 48, '1'),
(205, 4, 49, '2'),
(206, 4, 50, '2'),
(207, 4, 51, '2'),
(208, 4, 52, '1'),
(209, 4, 53, '2'),
(210, 4, 54, '1'),
(211, 4, 55, '4'),
(212, 4, 56, '2'),
(213, 4, 57, '2'),
(214, 4, 58, '1'),
(215, 4, 59, '2'),
(216, 4, 60, '2'),
(217, 4, 61, '1'),
(218, 4, 62, '2'),
(219, 4, 63, '2'),
(220, 4, 64, '1'),
(221, 4, 65, '1'),
(222, 4, 66, '2'),
(223, 4, 67, '2'),
(224, 4, 68, '2'),
(225, 4, 69, '1'),
(226, 4, 70, '2'),
(227, 4, 71, '1'),
(228, 4, 72, '4'),
(229, 4, 73, '2'),
(230, 4, 74, '2'),
(231, 4, 75, '1'),
(232, 4, 76, '2'),
(233, 4, 77, '2022-10-20'),
(234, 4, 78, 'JUSTINE JAYCE S. MOTA'),
(235, 5, 1, 'Agree'),
(236, 5, 2, '8 or more'),
(237, 5, 3, '1'),
(238, 5, 4, '2'),
(239, 5, 5, '1'),
(240, 5, 6, '2'),
(241, 5, 7, '1'),
(242, 5, 8, '1'),
(243, 5, 9, '1'),
(244, 5, 10, '1'),
(245, 5, 11, '2'),
(246, 5, 12, '1'),
(247, 5, 13, '1'),
(248, 5, 14, '1'),
(249, 5, 15, '1'),
(250, 5, 16, '2'),
(251, 5, 17, '1'),
(252, 5, 18, '1'),
(253, 5, 19, '1'),
(254, 5, 20, '1'),
(255, 5, 21, '1'),
(256, 5, 22, '1'),
(257, 5, 23, '1'),
(258, 5, 24, '1'),
(259, 5, 25, '1'),
(260, 5, 26, '1'),
(261, 5, 27, '1'),
(262, 5, 28, '1'),
(263, 5, 29, '1'),
(264, 5, 30, '1'),
(265, 5, 31, '1'),
(266, 5, 32, '1'),
(267, 5, 33, '1'),
(268, 5, 34, '1'),
(269, 5, 35, '1'),
(270, 5, 36, '1'),
(271, 5, 37, '1'),
(272, 5, 38, '1'),
(273, 5, 39, '1'),
(274, 5, 40, '1'),
(275, 5, 41, '1'),
(276, 5, 42, '1'),
(277, 5, 43, '1'),
(278, 5, 44, '1'),
(279, 5, 45, '1'),
(280, 5, 46, '1'),
(281, 5, 47, '1'),
(282, 5, 48, '1'),
(283, 5, 49, '1'),
(284, 5, 50, '1'),
(285, 5, 51, '1'),
(286, 5, 52, '1'),
(287, 5, 53, '1'),
(288, 5, 54, '1'),
(289, 5, 55, '1'),
(290, 5, 56, '1'),
(291, 5, 57, '1'),
(292, 5, 58, '1'),
(293, 5, 59, '1'),
(294, 5, 60, '1'),
(295, 5, 61, '1'),
(296, 5, 62, '1'),
(297, 5, 63, '1'),
(298, 5, 64, '1'),
(299, 5, 65, '1'),
(300, 5, 66, '1'),
(301, 5, 67, '1'),
(302, 5, 68, '1'),
(303, 5, 69, '1'),
(304, 5, 70, '1'),
(305, 5, 71, '1'),
(306, 5, 72, '1'),
(307, 5, 73, '1'),
(308, 5, 74, '1'),
(309, 5, 75, '1'),
(310, 5, 76, '1'),
(311, 5, 77, '1'),
(312, 5, 78, '1'),
(313, 6, 1, 'Agree'),
(314, 6, 2, '8 or more'),
(315, 6, 3, '2'),
(316, 6, 4, '2'),
(317, 6, 5, '1'),
(318, 6, 6, '1'),
(319, 6, 7, '1'),
(320, 6, 8, '1'),
(321, 6, 9, '1'),
(322, 6, 10, '1'),
(323, 6, 11, '1'),
(324, 6, 12, '1'),
(325, 6, 13, '1'),
(326, 6, 14, '1'),
(327, 6, 15, '1'),
(328, 6, 16, '1'),
(329, 6, 17, '1'),
(330, 6, 18, '1'),
(331, 6, 19, '1'),
(332, 6, 20, '1'),
(333, 6, 21, '1'),
(334, 6, 22, '1'),
(335, 6, 23, '1'),
(336, 6, 24, '1'),
(337, 6, 25, '1'),
(338, 6, 26, '1'),
(339, 6, 27, '1'),
(340, 6, 28, '1'),
(341, 6, 29, '1'),
(342, 6, 30, '1'),
(343, 6, 31, '1'),
(344, 6, 32, '1'),
(345, 6, 33, '1'),
(346, 6, 34, '1'),
(347, 6, 35, '1'),
(348, 6, 36, '1'),
(349, 6, 37, '1'),
(350, 6, 38, '1'),
(351, 6, 39, '1'),
(352, 6, 40, '1'),
(353, 6, 41, '1'),
(354, 6, 42, '1'),
(355, 6, 43, '1'),
(356, 6, 44, '1'),
(357, 6, 45, '1'),
(358, 6, 46, '1'),
(359, 6, 47, '1'),
(360, 6, 48, '1'),
(361, 6, 49, '1'),
(362, 6, 50, '1'),
(363, 6, 51, '1'),
(364, 6, 52, '1'),
(365, 6, 53, '1'),
(366, 6, 54, '1'),
(367, 6, 55, '1'),
(368, 6, 56, '1'),
(369, 6, 57, '1'),
(370, 6, 58, '1'),
(371, 6, 59, '1'),
(372, 6, 60, '1'),
(373, 6, 61, '1'),
(374, 6, 62, '1'),
(375, 6, 63, '1'),
(376, 6, 64, '1'),
(377, 6, 65, '1'),
(378, 6, 66, '1'),
(379, 6, 67, '1'),
(380, 6, 68, '1'),
(381, 6, 69, '1'),
(382, 6, 70, '1'),
(383, 6, 71, '1'),
(384, 6, 72, '1'),
(385, 6, 73, '1'),
(386, 6, 74, '1'),
(387, 6, 75, '1'),
(388, 6, 76, '1'),
(389, 6, 77, '2022-09-18'),
(390, 6, 78, 'RENA JANE BULFA COYME'),
(391, 7, 1, 'Agree'),
(392, 7, 2, '8 or more'),
(393, 7, 3, '2'),
(394, 7, 4, '2'),
(395, 7, 5, '2'),
(396, 7, 6, '2'),
(397, 7, 7, '2'),
(398, 7, 8, '1'),
(399, 7, 9, '2'),
(400, 7, 10, '2'),
(401, 7, 11, '3'),
(402, 7, 12, '2'),
(403, 7, 13, '2'),
(404, 7, 14, '2'),
(405, 7, 15, '2'),
(406, 7, 16, '2'),
(407, 7, 17, '2'),
(408, 7, 18, '2'),
(409, 7, 19, '2'),
(410, 7, 20, '2'),
(411, 7, 21, '2'),
(412, 7, 22, '2'),
(413, 7, 23, '2'),
(414, 7, 24, '2'),
(415, 7, 25, '2'),
(416, 7, 26, '2'),
(417, 7, 27, '2'),
(418, 7, 28, '2'),
(419, 7, 29, '4'),
(420, 7, 30, '4'),
(421, 7, 31, '2'),
(422, 7, 32, '2'),
(423, 7, 33, '2'),
(424, 7, 34, '4'),
(425, 7, 35, '2'),
(426, 7, 36, '2'),
(427, 7, 37, '2'),
(428, 7, 38, '2'),
(429, 7, 39, '2'),
(430, 7, 40, '2'),
(431, 7, 41, '2'),
(432, 7, 42, '2'),
(433, 7, 43, '2'),
(434, 7, 44, '2'),
(435, 7, 45, '2'),
(436, 7, 46, '2'),
(437, 7, 47, '3'),
(438, 7, 48, '2'),
(439, 7, 49, '2'),
(440, 7, 50, '2'),
(441, 7, 51, '2'),
(442, 7, 52, '2'),
(443, 7, 53, '2'),
(444, 7, 54, '2'),
(445, 7, 55, '2'),
(446, 7, 56, '2'),
(447, 7, 57, '2'),
(448, 7, 58, '2'),
(449, 7, 59, '3'),
(450, 7, 60, '2'),
(451, 7, 61, '2'),
(452, 7, 62, '2'),
(453, 7, 63, '2'),
(454, 7, 64, '3'),
(455, 7, 65, '2'),
(456, 7, 66, '2'),
(457, 7, 67, '2'),
(458, 7, 68, '2'),
(459, 7, 69, '2'),
(460, 7, 70, '3'),
(461, 7, 71, '3'),
(462, 7, 72, '3'),
(463, 7, 73, '2'),
(464, 7, 74, '2'),
(465, 7, 75, '2'),
(466, 7, 76, '2'),
(467, 7, 77, '2022-09-15'),
(468, 7, 78, 'PAMELA DELA CRUZ DELLOTA'),
(469, 8, 1, 'Agree'),
(470, 8, 2, '8 or more'),
(471, 8, 3, '2'),
(472, 8, 4, '2'),
(473, 8, 5, '3'),
(474, 8, 6, '3'),
(475, 8, 7, '2'),
(476, 8, 8, '2'),
(477, 8, 9, '2'),
(478, 8, 10, '2'),
(479, 8, 11, '3'),
(480, 8, 12, '2'),
(481, 8, 13, '2'),
(482, 8, 14, '3'),
(483, 8, 15, '2'),
(484, 8, 16, '3'),
(485, 8, 17, '3'),
(486, 8, 18, '3'),
(487, 8, 19, '2'),
(488, 8, 20, '2'),
(489, 8, 21, '2'),
(490, 8, 22, '3'),
(491, 8, 23, '3'),
(492, 8, 24, '3'),
(493, 8, 25, '3'),
(494, 8, 26, '2'),
(495, 8, 27, '3'),
(496, 8, 28, '3'),
(497, 8, 29, '2'),
(498, 8, 30, '2'),
(499, 8, 31, '2'),
(500, 8, 32, '2'),
(501, 8, 33, '2'),
(502, 8, 34, '3'),
(503, 8, 35, '3'),
(504, 8, 36, '3'),
(505, 8, 37, '3'),
(506, 8, 38, '3'),
(507, 8, 39, '2'),
(508, 8, 40, '2'),
(509, 8, 41, '2'),
(510, 8, 42, '2'),
(511, 8, 43, '2'),
(512, 8, 44, '2'),
(513, 8, 45, '2'),
(514, 8, 46, '2'),
(515, 8, 47, '2'),
(516, 8, 48, '2'),
(517, 8, 49, '2'),
(518, 8, 50, '3'),
(519, 8, 51, '2'),
(520, 8, 52, '3'),
(521, 8, 53, '2'),
(522, 8, 54, '2'),
(523, 8, 55, '3'),
(524, 8, 56, '2'),
(525, 8, 57, '2'),
(526, 8, 58, '3'),
(527, 8, 59, '3'),
(528, 8, 60, '2'),
(529, 8, 61, '2'),
(530, 8, 62, '2'),
(531, 8, 63, '2'),
(532, 8, 64, '2'),
(533, 8, 65, '2'),
(534, 8, 66, '2'),
(535, 8, 67, '2'),
(536, 8, 68, '2'),
(537, 8, 69, '2'),
(538, 8, 70, '2'),
(539, 8, 71, '2'),
(540, 8, 72, '2'),
(541, 8, 73, '2'),
(542, 8, 74, '2'),
(543, 8, 75, '2'),
(544, 8, 76, '2'),
(545, 8, 77, '2022-09-15'),
(546, 8, 78, 'GRACE ANGELA AGUIRRE RAMOS'),
(547, 9, 1, 'Agree'),
(548, 9, 2, '8 or more'),
(549, 9, 3, '2'),
(550, 9, 4, '2'),
(551, 9, 5, '2'),
(552, 9, 6, '3'),
(553, 9, 7, '3'),
(554, 9, 8, '2'),
(555, 9, 9, '2'),
(556, 9, 10, '2'),
(557, 9, 11, '2'),
(558, 9, 12, '2'),
(559, 9, 13, '2'),
(560, 9, 14, '2'),
(561, 9, 15, '2'),
(562, 9, 16, '2'),
(563, 9, 17, '3'),
(564, 9, 18, '2'),
(565, 9, 19, '2'),
(566, 9, 20, '2'),
(567, 9, 21, '2'),
(568, 9, 22, '2'),
(569, 9, 23, '2'),
(570, 9, 24, '3'),
(571, 9, 25, '2'),
(572, 9, 26, '2'),
(573, 9, 27, '2'),
(574, 9, 28, '2'),
(575, 9, 29, '2'),
(576, 9, 30, '3'),
(577, 9, 31, '2'),
(578, 9, 32, '2'),
(579, 9, 33, '2'),
(580, 9, 34, '2'),
(581, 9, 35, '2'),
(582, 9, 36, '2'),
(583, 9, 37, '2'),
(584, 9, 38, '2'),
(585, 9, 39, '2'),
(586, 9, 40, '3'),
(587, 9, 41, '2'),
(588, 9, 42, '2'),
(589, 9, 43, '2'),
(590, 9, 44, '2'),
(591, 9, 45, '2'),
(592, 9, 46, '3'),
(593, 9, 47, '3'),
(594, 9, 48, '3'),
(595, 9, 49, '3'),
(596, 9, 50, '2'),
(597, 9, 51, '2'),
(598, 9, 52, '2'),
(599, 9, 53, '2'),
(600, 9, 54, '2'),
(601, 9, 55, '2'),
(602, 9, 56, '2'),
(603, 9, 57, '2'),
(604, 9, 58, '2'),
(605, 9, 59, '2'),
(606, 9, 60, '2'),
(607, 9, 61, '2'),
(608, 9, 62, '2'),
(609, 9, 63, '2'),
(610, 9, 64, '2'),
(611, 9, 65, '2'),
(612, 9, 66, '2'),
(613, 9, 67, '2'),
(614, 9, 68, '2'),
(615, 9, 69, '2'),
(616, 9, 70, '2'),
(617, 9, 71, '2'),
(618, 9, 72, '2'),
(619, 9, 73, '2'),
(620, 9, 74, '2'),
(621, 9, 75, '2'),
(622, 9, 76, '2'),
(623, 9, 77, '2022-09-15'),
(624, 9, 78, 'KEFF JOSHUA CIPRIANO CARPIZO'),
(625, 10, 1, 'Agree'),
(626, 10, 2, '8 or more'),
(627, 10, 3, '2'),
(628, 10, 4, '2'),
(629, 10, 5, '2'),
(630, 10, 6, '2'),
(631, 10, 7, '2'),
(632, 10, 8, '2'),
(633, 10, 9, '2'),
(634, 10, 10, '2'),
(635, 10, 11, '2'),
(636, 10, 12, '2'),
(637, 10, 13, '2'),
(638, 10, 14, '2'),
(639, 10, 15, '2'),
(640, 10, 16, '2'),
(641, 10, 17, '2'),
(642, 10, 18, '2'),
(643, 10, 19, '2'),
(644, 10, 20, '2'),
(645, 10, 21, '2'),
(646, 10, 22, '2'),
(647, 10, 23, '2'),
(648, 10, 24, '2'),
(649, 10, 25, '2'),
(650, 10, 26, '2'),
(651, 10, 27, '2'),
(652, 10, 28, '2'),
(653, 10, 29, '2'),
(654, 10, 30, '2'),
(655, 10, 31, '1'),
(656, 10, 32, '2'),
(657, 10, 33, '2'),
(658, 10, 34, '2'),
(659, 10, 35, '2'),
(660, 10, 36, '2'),
(661, 10, 37, '2'),
(662, 10, 38, '2'),
(663, 10, 39, '2'),
(664, 10, 40, '1'),
(665, 10, 41, '1'),
(666, 10, 42, '2'),
(667, 10, 43, '2'),
(668, 10, 44, '2'),
(669, 10, 45, '2'),
(670, 10, 46, '2'),
(671, 10, 47, '2'),
(672, 10, 48, '2'),
(673, 10, 49, '2'),
(674, 10, 50, '2'),
(675, 10, 51, '2'),
(676, 10, 52, '2'),
(677, 10, 53, '2'),
(678, 10, 54, '1'),
(679, 10, 55, '2'),
(680, 10, 56, '2'),
(681, 10, 57, '1'),
(682, 10, 58, '1'),
(683, 10, 59, '2'),
(684, 10, 60, '2'),
(685, 10, 61, '2'),
(686, 10, 62, '2'),
(687, 10, 63, '2'),
(688, 10, 64, '2'),
(689, 10, 65, '2'),
(690, 10, 66, '2'),
(691, 10, 67, '2'),
(692, 10, 68, '2'),
(693, 10, 69, '2'),
(694, 10, 70, '2'),
(695, 10, 71, '2'),
(696, 10, 72, '2'),
(697, 10, 73, '2'),
(698, 10, 74, '2'),
(699, 10, 75, '2'),
(700, 10, 76, '2'),
(701, 10, 77, '2022-09-15'),
(702, 10, 78, 'KRISTHELL JEAN DUMAOG RAMIREZ'),
(703, 11, 1, 'Agree'),
(704, 11, 2, '8 or more'),
(705, 11, 3, '2'),
(706, 11, 4, '3'),
(707, 11, 5, '2'),
(708, 11, 6, '2'),
(709, 11, 7, '3'),
(710, 11, 8, '3'),
(711, 11, 9, '3'),
(712, 11, 10, '2'),
(713, 11, 11, '4'),
(714, 11, 12, '3'),
(715, 11, 13, '2'),
(716, 11, 14, '2'),
(717, 11, 15, '2'),
(718, 11, 16, '2'),
(719, 11, 17, '3'),
(720, 11, 18, '3'),
(721, 11, 19, '2'),
(722, 11, 20, '2'),
(723, 11, 21, '2'),
(724, 11, 22, '3'),
(725, 11, 23, '2'),
(726, 11, 24, '2'),
(727, 11, 25, '2'),
(728, 11, 26, '3'),
(729, 11, 27, '3'),
(730, 11, 28, '3'),
(731, 11, 29, '2'),
(732, 11, 30, '2'),
(733, 11, 31, '2'),
(734, 11, 32, '2'),
(735, 11, 33, '3'),
(736, 11, 34, '3'),
(737, 11, 35, '3'),
(738, 11, 36, '3'),
(739, 11, 37, '3'),
(740, 11, 38, '3'),
(741, 11, 39, '3'),
(742, 11, 40, '2'),
(743, 11, 41, '2'),
(744, 11, 42, '2'),
(745, 11, 43, '2'),
(746, 11, 44, '2'),
(747, 11, 45, '3'),
(748, 11, 46, '2'),
(749, 11, 47, '2'),
(750, 11, 48, '2'),
(751, 11, 49, '2'),
(752, 11, 50, '2'),
(753, 11, 51, '2'),
(754, 11, 52, '3'),
(755, 11, 53, '2'),
(756, 11, 54, '2'),
(757, 11, 55, '3'),
(758, 11, 56, '3'),
(759, 11, 57, '2'),
(760, 11, 58, '3'),
(761, 11, 59, '3'),
(762, 11, 60, '2'),
(763, 11, 61, '2'),
(764, 11, 62, '2'),
(765, 11, 63, '2'),
(766, 11, 64, '2'),
(767, 11, 65, '2'),
(768, 11, 66, '3'),
(769, 11, 67, '3'),
(770, 11, 68, '2'),
(771, 11, 69, '2'),
(772, 11, 70, '2'),
(773, 11, 71, '2'),
(774, 11, 72, '3'),
(775, 11, 73, '2'),
(776, 11, 74, '4'),
(777, 11, 75, '3'),
(778, 11, 76, '4'),
(779, 11, 77, '2022-09-15'),
(780, 11, 78, 'ALEXSANDRA LABID FERNANDO'),
(781, 12, 1, 'Agree'),
(782, 12, 2, '8 or more'),
(783, 12, 3, '4'),
(784, 12, 4, '4'),
(785, 12, 5, '4'),
(786, 12, 6, '4'),
(787, 12, 7, '4'),
(788, 12, 8, '4'),
(789, 12, 9, '4'),
(790, 12, 10, '4'),
(791, 12, 11, '4'),
(792, 12, 12, '4'),
(793, 12, 13, '4'),
(794, 12, 14, '4'),
(795, 12, 15, '4'),
(796, 12, 16, '4'),
(797, 12, 17, '4'),
(798, 12, 18, '4'),
(799, 12, 19, '4'),
(800, 12, 20, '4'),
(801, 12, 21, '4'),
(802, 12, 22, '4'),
(803, 12, 23, '4'),
(804, 12, 24, '4'),
(805, 12, 25, '3'),
(806, 12, 26, '4'),
(807, 12, 27, '4'),
(808, 12, 28, '4'),
(809, 12, 29, '4'),
(810, 12, 30, '4'),
(811, 12, 31, '4'),
(812, 12, 32, '4'),
(813, 12, 33, '4'),
(814, 12, 34, '4'),
(815, 12, 35, '4'),
(816, 12, 36, '3'),
(817, 12, 37, '4'),
(818, 12, 38, '3'),
(819, 12, 39, '4'),
(820, 12, 40, '4'),
(821, 12, 41, '4'),
(822, 12, 42, '4'),
(823, 12, 43, '4'),
(824, 12, 44, '4'),
(825, 12, 45, '4'),
(826, 12, 46, '4'),
(827, 12, 47, '4'),
(828, 12, 48, '4'),
(829, 12, 49, '4'),
(830, 12, 50, '4'),
(831, 12, 51, '4'),
(832, 12, 52, '4'),
(833, 12, 53, '4'),
(834, 12, 54, '4'),
(835, 12, 55, '4'),
(836, 12, 56, '4'),
(837, 12, 57, '4'),
(838, 12, 58, '4'),
(839, 12, 59, '4'),
(840, 12, 60, '3'),
(841, 12, 61, '3'),
(842, 12, 62, '4'),
(843, 12, 63, '4'),
(844, 12, 64, '3'),
(845, 12, 65, '4'),
(846, 12, 66, '4'),
(847, 12, 67, '4'),
(848, 12, 68, '4'),
(849, 12, 69, '4'),
(850, 12, 70, '4'),
(851, 12, 71, '4'),
(852, 12, 72, '4'),
(853, 12, 73, '4'),
(854, 12, 74, '4'),
(855, 12, 75, '4'),
(856, 12, 76, '4'),
(857, 12, 77, '2022-10-19'),
(858, 12, 78, 'VOLTAIRE DE SILVA ABRAHAM'),
(859, 13, 1, 'Agree'),
(860, 13, 2, '8 or more'),
(861, 13, 3, '1'),
(862, 13, 4, '1'),
(863, 13, 5, '1'),
(864, 13, 6, '1'),
(865, 13, 7, '1'),
(866, 13, 8, '1'),
(867, 13, 9, '1'),
(868, 13, 10, '1'),
(869, 13, 11, '1'),
(870, 13, 12, '1'),
(871, 13, 13, '1'),
(872, 13, 14, '1'),
(873, 13, 15, '1'),
(874, 13, 16, '1'),
(875, 13, 17, '1'),
(876, 13, 18, '1'),
(877, 13, 19, '1'),
(878, 13, 20, '1'),
(879, 13, 21, '1'),
(880, 13, 22, '1'),
(881, 13, 23, '1'),
(882, 13, 24, '1'),
(883, 13, 25, '1'),
(884, 13, 26, '1'),
(885, 13, 27, '1'),
(886, 13, 28, '1'),
(887, 13, 29, '1'),
(888, 13, 30, '1'),
(889, 13, 31, '1'),
(890, 13, 32, '1'),
(891, 13, 33, '1'),
(892, 13, 34, '1'),
(893, 13, 35, '1'),
(894, 13, 36, '1'),
(895, 13, 37, '1'),
(896, 13, 38, '1'),
(897, 13, 39, '1'),
(898, 13, 40, '1'),
(899, 13, 41, '1'),
(900, 13, 42, '1'),
(901, 13, 43, '1'),
(902, 13, 44, '1'),
(903, 13, 45, '1'),
(904, 13, 46, '1'),
(905, 13, 47, '1'),
(906, 13, 48, '1'),
(907, 13, 49, '1'),
(908, 13, 50, '1'),
(909, 13, 51, '1'),
(910, 13, 52, '1'),
(911, 13, 53, '1'),
(912, 13, 54, '1'),
(913, 13, 55, '1'),
(914, 13, 56, '1'),
(915, 13, 57, '1'),
(916, 13, 58, '1'),
(917, 13, 59, '1'),
(918, 13, 60, '1'),
(919, 13, 61, '1'),
(920, 13, 62, '1'),
(921, 13, 63, '1'),
(922, 13, 64, '1'),
(923, 13, 65, '1'),
(924, 13, 66, '1'),
(925, 13, 67, '1'),
(926, 13, 68, '1'),
(927, 13, 69, '1'),
(928, 13, 70, '1'),
(929, 13, 71, '1'),
(930, 13, 72, '1'),
(931, 13, 73, '1'),
(932, 13, 74, '1'),
(933, 13, 75, '1'),
(934, 13, 76, '1'),
(935, 13, 77, '2022-10-23'),
(936, 13, 78, 'JOHN BERNARD GOZON AL-AG'),
(937, 14, 1, 'Agree'),
(938, 14, 2, '8 or more'),
(939, 14, 3, '2'),
(940, 14, 4, '2'),
(941, 14, 5, '2'),
(942, 14, 6, '2'),
(943, 14, 7, '2'),
(944, 14, 8, '2'),
(945, 14, 9, '2'),
(946, 14, 10, '2'),
(947, 14, 11, '2'),
(948, 14, 12, '2'),
(949, 14, 13, '2'),
(950, 14, 14, '2'),
(951, 14, 15, '2'),
(952, 14, 16, '2'),
(953, 14, 17, '2'),
(954, 14, 18, '2'),
(955, 14, 19, '2'),
(956, 14, 20, '2'),
(957, 14, 21, '2'),
(958, 14, 22, '2'),
(959, 14, 23, '2'),
(960, 14, 24, '2'),
(961, 14, 25, '2'),
(962, 14, 26, '2'),
(963, 14, 27, '2'),
(964, 14, 28, '2'),
(965, 14, 29, '2'),
(966, 14, 30, '2'),
(967, 14, 31, '2'),
(968, 14, 32, '2'),
(969, 14, 33, '2'),
(970, 14, 34, '2'),
(971, 14, 35, '2'),
(972, 14, 36, '2'),
(973, 14, 37, '2'),
(974, 14, 38, '2'),
(975, 14, 39, '2'),
(976, 14, 40, '2'),
(977, 14, 41, '2'),
(978, 14, 42, '2'),
(979, 14, 43, '2'),
(980, 14, 44, '2'),
(981, 14, 45, '2'),
(982, 14, 46, '2'),
(983, 14, 47, '2'),
(984, 14, 48, '2'),
(985, 14, 49, '2'),
(986, 14, 50, '2'),
(987, 14, 51, '2'),
(988, 14, 52, '2'),
(989, 14, 53, '2'),
(990, 14, 54, '2'),
(991, 14, 55, '2'),
(992, 14, 56, '2'),
(993, 14, 57, '2'),
(994, 14, 58, '2'),
(995, 14, 59, '2'),
(996, 14, 60, '2'),
(997, 14, 61, '2'),
(998, 14, 62, '2'),
(999, 14, 63, '2'),
(1000, 14, 64, '2'),
(1001, 14, 65, '2'),
(1002, 14, 66, '2'),
(1003, 14, 67, '3'),
(1004, 14, 68, '2'),
(1005, 14, 69, '2'),
(1006, 14, 70, '2'),
(1007, 14, 71, '2'),
(1008, 14, 72, '2'),
(1009, 14, 73, '2'),
(1010, 14, 74, '2'),
(1011, 14, 75, '2'),
(1012, 14, 76, '2'),
(1013, 14, 77, '2022-09-15'),
(1014, 14, 78, 'EULE KHRISTIAN AÑONUEVO CRUZ'),
(1015, 15, 1, 'Agree'),
(1016, 15, 2, '8 or more'),
(1017, 15, 3, '2'),
(1018, 15, 4, '2'),
(1019, 15, 5, '2'),
(1020, 15, 6, '2'),
(1021, 15, 7, '2'),
(1022, 15, 8, '1'),
(1023, 15, 9, '1'),
(1024, 15, 10, '2'),
(1025, 15, 11, '2'),
(1026, 15, 12, '1'),
(1027, 15, 13, '1'),
(1028, 15, 14, '2'),
(1029, 15, 15, '1'),
(1030, 15, 16, '1'),
(1031, 15, 17, '2'),
(1032, 15, 18, '1'),
(1033, 15, 19, '2'),
(1034, 15, 20, '1'),
(1035, 15, 21, '2'),
(1036, 15, 22, '2'),
(1037, 15, 23, '2'),
(1038, 15, 24, '1'),
(1039, 15, 25, '2'),
(1040, 15, 26, '2'),
(1041, 15, 27, '2'),
(1042, 15, 28, '2'),
(1043, 15, 29, '2'),
(1044, 15, 30, '2'),
(1045, 15, 31, '2'),
(1046, 15, 32, '2'),
(1047, 15, 33, '2'),
(1048, 15, 34, '1'),
(1049, 15, 35, '2'),
(1050, 15, 36, '2'),
(1051, 15, 37, '2'),
(1052, 15, 38, '2'),
(1053, 15, 39, '2'),
(1054, 15, 40, '2'),
(1055, 15, 41, '2'),
(1056, 15, 42, '2'),
(1057, 15, 43, '2'),
(1058, 15, 44, '2'),
(1059, 15, 45, '2'),
(1060, 15, 46, '2'),
(1061, 15, 47, '2'),
(1062, 15, 48, '2'),
(1063, 15, 49, '2'),
(1064, 15, 50, '3'),
(1065, 15, 51, '2'),
(1066, 15, 52, '2'),
(1067, 15, 53, '2'),
(1068, 15, 54, '2'),
(1069, 15, 55, '2'),
(1070, 15, 56, '2'),
(1071, 15, 57, '2'),
(1072, 15, 58, '2'),
(1073, 15, 59, '2'),
(1074, 15, 60, '2'),
(1075, 15, 61, '2'),
(1076, 15, 62, '2'),
(1077, 15, 63, '1'),
(1078, 15, 64, '2'),
(1079, 15, 65, '2'),
(1080, 15, 66, '2'),
(1081, 15, 67, '2'),
(1082, 15, 68, '2'),
(1083, 15, 69, '2'),
(1084, 15, 70, '2'),
(1085, 15, 71, '2'),
(1086, 15, 72, '2'),
(1087, 15, 73, '2'),
(1088, 15, 74, '2'),
(1089, 15, 75, '2'),
(1090, 15, 76, '2'),
(1091, 15, 77, '2022-09-17'),
(1092, 15, 78, 'PATRICIA MAE TRAZO CUNANAN'),
(1093, 16, 1, 'Agree'),
(1094, 16, 2, '8 or more'),
(1095, 16, 3, '2'),
(1096, 16, 4, '2'),
(1097, 16, 5, '1'),
(1098, 16, 6, '2'),
(1099, 16, 7, '2'),
(1100, 16, 8, '2'),
(1101, 16, 9, '2'),
(1102, 16, 10, '2'),
(1103, 16, 11, '2'),
(1104, 16, 12, '2'),
(1105, 16, 13, '2'),
(1106, 16, 14, '2'),
(1107, 16, 15, '3'),
(1108, 16, 16, '2'),
(1109, 16, 17, '2'),
(1110, 16, 18, '3'),
(1111, 16, 19, '2'),
(1112, 16, 20, '2'),
(1113, 16, 21, '2'),
(1114, 16, 22, '2'),
(1115, 16, 23, '2'),
(1116, 16, 24, '2'),
(1117, 16, 25, '2'),
(1118, 16, 26, '3'),
(1119, 16, 27, '2'),
(1120, 16, 28, '3'),
(1121, 16, 29, '2'),
(1122, 16, 30, '2'),
(1123, 16, 31, '2'),
(1124, 16, 32, '2'),
(1125, 16, 33, '3'),
(1126, 16, 34, '2'),
(1127, 16, 35, '2'),
(1128, 16, 36, '2'),
(1129, 16, 37, '2'),
(1130, 16, 38, '2'),
(1131, 16, 39, '2'),
(1132, 16, 40, '2'),
(1133, 16, 41, '2'),
(1134, 16, 42, '3'),
(1135, 16, 43, '2'),
(1136, 16, 44, '3'),
(1137, 16, 45, '2'),
(1138, 16, 46, '2'),
(1139, 16, 47, '2'),
(1140, 16, 48, '2'),
(1141, 16, 49, '2'),
(1142, 16, 50, '2'),
(1143, 16, 51, '2'),
(1144, 16, 52, '2'),
(1145, 16, 53, '2'),
(1146, 16, 54, '2'),
(1147, 16, 55, '2'),
(1148, 16, 56, '2'),
(1149, 16, 57, '2'),
(1150, 16, 58, '2'),
(1151, 16, 59, '2'),
(1152, 16, 60, '2'),
(1153, 16, 61, '2'),
(1154, 16, 62, '2'),
(1155, 16, 63, '2'),
(1156, 16, 64, '2'),
(1157, 16, 65, '2'),
(1158, 16, 66, '2'),
(1159, 16, 67, '3'),
(1160, 16, 68, '2'),
(1161, 16, 69, '2'),
(1162, 16, 70, '2'),
(1163, 16, 71, '2'),
(1164, 16, 72, '2'),
(1165, 16, 73, '2'),
(1166, 16, 74, '2'),
(1167, 16, 75, '2'),
(1168, 16, 76, '2'),
(1169, 16, 77, '2022-10-20'),
(1170, 16, 78, 'JUDE THADDEUS SEMILLA DULA'),
(1171, 17, 1, 'Agree'),
(1172, 17, 2, 'Less than 1'),
(1173, 17, 3, '1'),
(1174, 17, 4, '1'),
(1175, 17, 5, '1'),
(1176, 17, 6, '1'),
(1177, 17, 7, '2'),
(1178, 17, 8, '2'),
(1179, 17, 9, '1'),
(1180, 17, 10, '1'),
(1181, 17, 11, '1'),
(1182, 17, 12, '1'),
(1183, 17, 13, '1'),
(1184, 17, 14, '1'),
(1185, 17, 15, '3'),
(1186, 17, 16, '3'),
(1187, 17, 17, '2'),
(1188, 17, 18, '2'),
(1189, 17, 19, '3'),
(1190, 17, 20, '2'),
(1191, 17, 21, '2'),
(1192, 17, 22, '2'),
(1193, 17, 23, '2'),
(1194, 17, 24, '2'),
(1195, 17, 25, '2'),
(1196, 17, 26, '2'),
(1197, 17, 27, '2'),
(1198, 17, 28, '2'),
(1199, 17, 29, '2'),
(1200, 17, 30, '2'),
(1201, 17, 31, '2'),
(1202, 17, 32, '2'),
(1203, 17, 33, '2'),
(1204, 17, 34, '2'),
(1205, 17, 35, '2'),
(1206, 17, 36, '2'),
(1207, 17, 37, '2'),
(1208, 17, 38, '2'),
(1209, 17, 39, '2'),
(1210, 17, 40, '2'),
(1211, 17, 41, '2'),
(1212, 17, 42, '2'),
(1213, 17, 43, '2'),
(1214, 17, 44, '2'),
(1215, 17, 45, '2'),
(1216, 17, 46, '2'),
(1217, 17, 47, '2'),
(1218, 17, 48, '2'),
(1219, 17, 49, '2'),
(1220, 17, 50, '2'),
(1221, 17, 51, '2'),
(1222, 17, 52, '2'),
(1223, 17, 53, '2'),
(1224, 17, 54, '2'),
(1225, 17, 55, '2'),
(1226, 17, 56, '4'),
(1227, 17, 57, '2'),
(1228, 17, 58, '2'),
(1229, 17, 59, '2'),
(1230, 17, 60, '2'),
(1231, 17, 61, '2'),
(1232, 17, 62, '2'),
(1233, 17, 63, '2'),
(1234, 17, 64, '2'),
(1235, 17, 65, '2'),
(1236, 17, 66, '2'),
(1237, 17, 67, '2'),
(1238, 17, 68, '2'),
(1239, 17, 69, '2'),
(1240, 17, 70, '2'),
(1241, 17, 71, '2'),
(1242, 17, 72, '2'),
(1243, 17, 73, '2'),
(1244, 17, 74, '2'),
(1245, 17, 75, '2'),
(1246, 17, 76, '2'),
(1247, 17, 77, '2022-09-15'),
(1248, 17, 78, 'IMTARID SALAZAR RACMAN'),
(1249, 18, 1, 'Agree'),
(1250, 18, 2, '8 or more'),
(1251, 18, 3, '1'),
(1252, 18, 4, '1'),
(1253, 18, 5, '1'),
(1254, 18, 6, '1'),
(1255, 18, 7, '1'),
(1256, 18, 8, '1'),
(1257, 18, 9, '1'),
(1258, 18, 10, '1'),
(1259, 18, 11, '1'),
(1260, 18, 12, '1'),
(1261, 18, 13, '1'),
(1262, 18, 14, '1'),
(1263, 18, 15, '1'),
(1264, 18, 16, '1'),
(1265, 18, 17, '1'),
(1266, 18, 18, '1'),
(1267, 18, 19, '1'),
(1268, 18, 20, '1'),
(1269, 18, 21, '1'),
(1270, 18, 22, '1'),
(1271, 18, 23, '1'),
(1272, 18, 24, '1'),
(1273, 18, 25, '1'),
(1274, 18, 26, '1'),
(1275, 18, 27, '1'),
(1276, 18, 28, '1'),
(1277, 18, 29, '1'),
(1278, 18, 30, '1'),
(1279, 18, 31, '1'),
(1280, 18, 32, '1'),
(1281, 18, 33, '1'),
(1282, 18, 34, '1'),
(1283, 18, 35, '1'),
(1284, 18, 36, '1'),
(1285, 18, 37, '1'),
(1286, 18, 38, '1'),
(1287, 18, 39, '1'),
(1288, 18, 40, '1'),
(1289, 18, 41, '1'),
(1290, 18, 42, '1'),
(1291, 18, 43, '1'),
(1292, 18, 44, '1'),
(1293, 18, 45, '1'),
(1294, 18, 46, '1'),
(1295, 18, 47, '1'),
(1296, 18, 48, '1'),
(1297, 18, 49, '1'),
(1298, 18, 50, '1'),
(1299, 18, 51, '1'),
(1300, 18, 52, '1'),
(1301, 18, 53, '1'),
(1302, 18, 54, '1'),
(1303, 18, 55, '1'),
(1304, 18, 56, '1'),
(1305, 18, 57, '1'),
(1306, 18, 58, '1'),
(1307, 18, 59, '1'),
(1308, 18, 60, '1'),
(1309, 18, 61, '1'),
(1310, 18, 62, '1'),
(1311, 18, 63, '1'),
(1312, 18, 64, '1'),
(1313, 18, 65, '1'),
(1314, 18, 66, '1'),
(1315, 18, 67, '1'),
(1316, 18, 68, '1'),
(1317, 18, 69, '1'),
(1318, 18, 70, '1'),
(1319, 18, 71, '1'),
(1320, 18, 72, '1'),
(1321, 18, 73, '1'),
(1322, 18, 74, '1'),
(1323, 18, 75, '1'),
(1324, 18, 76, '1'),
(1325, 18, 77, '2022-09-18'),
(1326, 18, 78, 'SHANNEN MAE CARRIAGA TORREJOS'),
(1327, 19, 1, 'Agree'),
(1328, 19, 2, '8 or more'),
(1329, 19, 3, '2'),
(1330, 19, 4, '2'),
(1331, 19, 5, '2'),
(1332, 19, 6, '2'),
(1333, 19, 7, '2'),
(1334, 19, 8, '2'),
(1335, 19, 9, '2'),
(1336, 19, 10, '2'),
(1337, 19, 11, '2'),
(1338, 19, 12, '2'),
(1339, 19, 13, '2'),
(1340, 19, 14, '2'),
(1341, 19, 15, '2'),
(1342, 19, 16, '2'),
(1343, 19, 17, '2'),
(1344, 19, 18, '2'),
(1345, 19, 19, '2'),
(1346, 19, 20, '2'),
(1347, 19, 21, '2'),
(1348, 19, 22, '2'),
(1349, 19, 23, '2'),
(1350, 19, 24, '2'),
(1351, 19, 25, '2'),
(1352, 19, 26, '2'),
(1353, 19, 27, '2'),
(1354, 19, 28, '2'),
(1355, 19, 29, '2'),
(1356, 19, 30, '2'),
(1357, 19, 31, '2'),
(1358, 19, 32, '2'),
(1359, 19, 33, '2'),
(1360, 19, 34, '2'),
(1361, 19, 35, '2'),
(1362, 19, 36, '2'),
(1363, 19, 37, '2'),
(1364, 19, 38, '2'),
(1365, 19, 39, '2'),
(1366, 19, 40, '2'),
(1367, 19, 41, '2'),
(1368, 19, 42, '2'),
(1369, 19, 43, '2'),
(1370, 19, 44, '2'),
(1371, 19, 45, '2'),
(1372, 19, 46, '2'),
(1373, 19, 47, '2'),
(1374, 19, 48, '2'),
(1375, 19, 49, '2'),
(1376, 19, 50, '2'),
(1377, 19, 51, '2'),
(1378, 19, 52, '2'),
(1379, 19, 53, '2'),
(1380, 19, 54, '2'),
(1381, 19, 55, '2'),
(1382, 19, 56, '2'),
(1383, 19, 57, '2'),
(1384, 19, 58, '2'),
(1385, 19, 59, '2'),
(1386, 19, 60, '2'),
(1387, 19, 61, '2'),
(1388, 19, 62, '2'),
(1389, 19, 63, '2'),
(1390, 19, 64, '2'),
(1391, 19, 65, '2'),
(1392, 19, 66, '2'),
(1393, 19, 67, '2'),
(1394, 19, 68, '2'),
(1395, 19, 69, '2'),
(1396, 19, 70, '2'),
(1397, 19, 71, '2'),
(1398, 19, 72, '2'),
(1399, 19, 73, '2'),
(1400, 19, 74, '2'),
(1401, 19, 75, '2'),
(1402, 19, 76, '2'),
(1403, 19, 77, '2022-09-19'),
(1404, 19, 78, 'XAVIER ADRALES AGUDERA'),
(1405, 20, 1, 'Agree'),
(1406, 20, 2, '8 or more'),
(1407, 20, 3, '4'),
(1408, 20, 4, '4'),
(1409, 20, 5, '4'),
(1410, 20, 6, '4'),
(1411, 20, 7, '2'),
(1412, 20, 8, '1'),
(1413, 20, 9, '2'),
(1414, 20, 10, '2'),
(1415, 20, 11, '2'),
(1416, 20, 12, '2'),
(1417, 20, 13, '2'),
(1418, 20, 14, '2'),
(1419, 20, 15, '2'),
(1420, 20, 16, '2'),
(1421, 20, 17, '2'),
(1422, 20, 18, '2'),
(1423, 20, 19, '2'),
(1424, 20, 20, '1'),
(1425, 20, 21, '2'),
(1426, 20, 22, '2'),
(1427, 20, 23, '2'),
(1428, 20, 24, '2'),
(1429, 20, 25, '2'),
(1430, 20, 26, '2'),
(1431, 20, 27, '2'),
(1432, 20, 28, '2'),
(1433, 20, 29, '2'),
(1434, 20, 30, '2'),
(1435, 20, 31, '2'),
(1436, 20, 32, '2'),
(1437, 20, 33, '2'),
(1438, 20, 34, '2'),
(1439, 20, 35, '2'),
(1440, 20, 36, '2'),
(1441, 20, 37, '2'),
(1442, 20, 38, '2'),
(1443, 20, 39, '2'),
(1444, 20, 40, '2'),
(1445, 20, 41, '2'),
(1446, 20, 42, '2'),
(1447, 20, 43, '2'),
(1448, 20, 44, '2'),
(1449, 20, 45, '2'),
(1450, 20, 46, '2'),
(1451, 20, 47, '2'),
(1452, 20, 48, '2'),
(1453, 20, 49, '2'),
(1454, 20, 50, '2'),
(1455, 20, 51, '2'),
(1456, 20, 52, '2'),
(1457, 20, 53, '2'),
(1458, 20, 54, '2'),
(1459, 20, 55, '2'),
(1460, 20, 56, '2'),
(1461, 20, 57, '3'),
(1462, 20, 58, '2'),
(1463, 20, 59, '3'),
(1464, 20, 60, '2'),
(1465, 20, 61, '2'),
(1466, 20, 62, '2'),
(1467, 20, 63, '2'),
(1468, 20, 64, '2'),
(1469, 20, 65, '1'),
(1470, 20, 66, '1'),
(1471, 20, 67, '1'),
(1472, 20, 68, '2'),
(1473, 20, 69, '2'),
(1474, 20, 70, '2'),
(1475, 20, 71, '2'),
(1476, 20, 72, '2'),
(1477, 20, 73, '2'),
(1478, 20, 74, '2'),
(1479, 20, 75, '1'),
(1480, 20, 76, '1'),
(1481, 20, 77, '2022-10-21'),
(1482, 20, 78, 'CRIMSON CARZON MERIEL'),
(1483, 21, 1, 'Agree'),
(1484, 21, 2, '8 or more'),
(1485, 21, 3, '1'),
(1486, 21, 4, '1'),
(1487, 21, 5, '1'),
(1488, 21, 6, '1'),
(1489, 21, 7, '1'),
(1490, 21, 8, '1'),
(1491, 21, 9, '1'),
(1492, 21, 10, '1'),
(1493, 21, 11, '1'),
(1494, 21, 12, '1'),
(1495, 21, 13, '1'),
(1496, 21, 14, '1'),
(1497, 21, 15, '1'),
(1498, 21, 16, '1'),
(1499, 21, 17, '1'),
(1500, 21, 18, '1'),
(1501, 21, 19, '1'),
(1502, 21, 20, '1'),
(1503, 21, 21, '1'),
(1504, 21, 22, '1'),
(1505, 21, 23, '1'),
(1506, 21, 24, '1'),
(1507, 21, 25, '1'),
(1508, 21, 26, '1'),
(1509, 21, 27, '1'),
(1510, 21, 28, '1'),
(1511, 21, 29, '1'),
(1512, 21, 30, '1'),
(1513, 21, 31, '1'),
(1514, 21, 32, '1'),
(1515, 21, 33, '1'),
(1516, 21, 34, '1'),
(1517, 21, 35, '1'),
(1518, 21, 36, '1'),
(1519, 21, 37, '1'),
(1520, 21, 38, '1'),
(1521, 21, 39, '1'),
(1522, 21, 40, '1'),
(1523, 21, 41, '1'),
(1524, 21, 42, '1'),
(1525, 21, 43, '1'),
(1526, 21, 44, '1'),
(1527, 21, 45, '1'),
(1528, 21, 46, '1'),
(1529, 21, 47, '1'),
(1530, 21, 48, '1'),
(1531, 21, 49, '1'),
(1532, 21, 50, '1'),
(1533, 21, 51, '1'),
(1534, 21, 52, '1'),
(1535, 21, 53, '1'),
(1536, 21, 54, '1'),
(1537, 21, 55, '1'),
(1538, 21, 56, '1'),
(1539, 21, 57, '1'),
(1540, 21, 58, '1'),
(1541, 21, 59, '1'),
(1542, 21, 60, '1'),
(1543, 21, 61, '1'),
(1544, 21, 62, '1'),
(1545, 21, 63, '1'),
(1546, 21, 64, '1'),
(1547, 21, 65, '1'),
(1548, 21, 66, '1'),
(1549, 21, 67, '1'),
(1550, 21, 68, '1'),
(1551, 21, 69, '1'),
(1552, 21, 70, '1'),
(1553, 21, 71, '1'),
(1554, 21, 72, '1'),
(1555, 21, 73, '1'),
(1556, 21, 74, '1'),
(1557, 21, 75, '1'),
(1558, 21, 76, '1'),
(1559, 21, 77, '2022-09-15'),
(1560, 21, 78, 'JOHN REX GORDONAS PANESTANTE'),
(1561, 22, 1, 'Yes'),
(1562, 22, 2, '8 or more'),
(1563, 22, 3, '2'),
(1564, 22, 4, '3'),
(1565, 22, 5, '2'),
(1566, 22, 6, '4'),
(1567, 22, 7, '2'),
(1568, 22, 8, '2'),
(1569, 22, 9, '3'),
(1570, 22, 10, '2'),
(1571, 22, 11, '4'),
(1572, 22, 12, '3'),
(1573, 22, 13, '2'),
(1574, 22, 14, '2'),
(1575, 22, 15, '2'),
(1576, 22, 16, '2'),
(1577, 22, 17, '2'),
(1578, 22, 18, '2'),
(1579, 22, 19, '2'),
(1580, 22, 20, '2'),
(1581, 22, 21, '2'),
(1582, 22, 22, '2'),
(1583, 22, 23, '2'),
(1584, 22, 24, '3'),
(1585, 22, 25, '2'),
(1586, 22, 26, '2'),
(1587, 22, 27, '2'),
(1588, 22, 28, '2'),
(1589, 22, 29, '2'),
(1590, 22, 30, '2'),
(1591, 22, 31, '2'),
(1592, 22, 32, '2'),
(1593, 22, 33, '2'),
(1594, 22, 34, '2'),
(1595, 22, 35, '2'),
(1596, 22, 36, '2'),
(1597, 22, 37, '2'),
(1598, 22, 38, '2'),
(1599, 22, 39, '3'),
(1600, 22, 40, '3'),
(1601, 22, 41, '3'),
(1602, 22, 42, '3'),
(1603, 22, 43, '3'),
(1604, 22, 44, '2'),
(1605, 22, 45, '2'),
(1606, 22, 46, '2'),
(1607, 22, 47, '3'),
(1608, 22, 48, '3'),
(1609, 22, 49, '3'),
(1610, 22, 50, '3'),
(1611, 22, 51, '3'),
(1612, 22, 52, '3'),
(1613, 22, 53, '2'),
(1614, 22, 54, '3'),
(1615, 22, 55, '3'),
(1616, 22, 56, '3'),
(1617, 22, 57, '2'),
(1618, 22, 58, '3'),
(1619, 22, 59, '2'),
(1620, 22, 60, '2'),
(1621, 22, 61, '2'),
(1622, 22, 62, '2'),
(1623, 22, 63, '3'),
(1624, 22, 64, '2'),
(1625, 22, 65, '2'),
(1626, 22, 66, '3'),
(1627, 22, 67, '3'),
(1628, 22, 68, '3'),
(1629, 22, 69, '2'),
(1630, 22, 70, '2'),
(1631, 22, 71, '2'),
(1632, 22, 72, '3'),
(1633, 22, 73, '2'),
(1634, 22, 74, '2'),
(1635, 22, 75, '2'),
(1636, 22, 76, '3'),
(1637, 22, 77, '2022-09-16'),
(1638, 22, 78, 'ANNE CLARISSE VITUG ALMODAL'),
(1639, 23, 1, 'Yes'),
(1640, 23, 2, '8 or more'),
(1641, 23, 3, '2'),
(1642, 23, 4, '2'),
(1643, 23, 5, '2'),
(1644, 23, 6, '2'),
(1645, 23, 7, '2'),
(1646, 23, 8, '2'),
(1647, 23, 9, '2'),
(1648, 23, 10, '2'),
(1649, 23, 11, '2'),
(1650, 23, 12, '2'),
(1651, 23, 13, '2'),
(1652, 23, 14, '2'),
(1653, 23, 15, '2'),
(1654, 23, 16, '2'),
(1655, 23, 17, '2'),
(1656, 23, 18, '2'),
(1657, 23, 19, '2'),
(1658, 23, 20, '2'),
(1659, 23, 21, '2'),
(1660, 23, 22, '2'),
(1661, 23, 23, '2'),
(1662, 23, 24, '2'),
(1663, 23, 25, '2'),
(1664, 23, 26, '2'),
(1665, 23, 27, '2'),
(1666, 23, 28, '2'),
(1667, 23, 29, '2'),
(1668, 23, 30, '2'),
(1669, 23, 31, '2'),
(1670, 23, 32, '2'),
(1671, 23, 33, '2'),
(1672, 23, 34, '2'),
(1673, 23, 35, '2'),
(1674, 23, 36, '2'),
(1675, 23, 37, '2'),
(1676, 23, 38, '2'),
(1677, 23, 39, '2'),
(1678, 23, 40, '2'),
(1679, 23, 41, '2'),
(1680, 23, 42, '2'),
(1681, 23, 43, '2'),
(1682, 23, 44, '2'),
(1683, 23, 45, '2'),
(1684, 23, 46, '2'),
(1685, 23, 47, '2'),
(1686, 23, 48, '2'),
(1687, 23, 49, '2'),
(1688, 23, 50, '2'),
(1689, 23, 51, '2'),
(1690, 23, 52, '2'),
(1691, 23, 53, '2'),
(1692, 23, 54, '2'),
(1693, 23, 55, '2'),
(1694, 23, 56, '2'),
(1695, 23, 57, '2'),
(1696, 23, 58, '2'),
(1697, 23, 59, '2'),
(1698, 23, 60, '2'),
(1699, 23, 61, '2'),
(1700, 23, 62, '2'),
(1701, 23, 63, '2'),
(1702, 23, 64, '2'),
(1703, 23, 65, '2'),
(1704, 23, 66, '2'),
(1705, 23, 67, '2'),
(1706, 23, 68, '2'),
(1707, 23, 69, '2'),
(1708, 23, 70, '2'),
(1709, 23, 71, '2'),
(1710, 23, 72, '2'),
(1711, 23, 73, '2'),
(1712, 23, 74, '2'),
(1713, 23, 75, '2'),
(1714, 23, 76, '2'),
(1715, 23, 77, '2022-10-14'),
(1716, 23, 78, 'ALEX LIAM ENCISA BAUTISTA'),
(1717, 24, 1, 'Yes'),
(1718, 24, 2, '8 or more'),
(1719, 24, 3, '2'),
(1720, 24, 4, '1'),
(1721, 24, 5, '1'),
(1722, 24, 6, '2'),
(1723, 24, 7, '1'),
(1724, 24, 8, '1'),
(1725, 24, 9, '1'),
(1726, 24, 10, '1'),
(1727, 24, 11, '2'),
(1728, 24, 12, '2'),
(1729, 24, 13, '2'),
(1730, 24, 14, '1'),
(1731, 24, 15, '1'),
(1732, 24, 16, '2'),
(1733, 24, 17, '2'),
(1734, 24, 18, '1'),
(1735, 24, 19, '2'),
(1736, 24, 20, '2'),
(1737, 24, 21, '2'),
(1738, 24, 22, '2'),
(1739, 24, 23, '2'),
(1740, 24, 24, '2'),
(1741, 24, 25, '1'),
(1742, 24, 26, '1'),
(1743, 24, 27, '2'),
(1744, 24, 28, '2'),
(1745, 24, 29, '1'),
(1746, 24, 30, '2'),
(1747, 24, 31, '2'),
(1748, 24, 32, '2'),
(1749, 24, 33, '2'),
(1750, 24, 34, '1'),
(1751, 24, 35, '2'),
(1752, 24, 36, '1'),
(1753, 24, 37, '2'),
(1754, 24, 38, '2'),
(1755, 24, 39, '1'),
(1756, 24, 40, '2'),
(1757, 24, 41, '2'),
(1758, 24, 42, '1'),
(1759, 24, 43, '1'),
(1760, 24, 44, '1'),
(1761, 24, 45, '2'),
(1762, 24, 46, '1'),
(1763, 24, 47, '2'),
(1764, 24, 48, '2'),
(1765, 24, 49, '1'),
(1766, 24, 50, '2'),
(1767, 24, 51, '2'),
(1768, 24, 52, '2'),
(1769, 24, 53, '1'),
(1770, 24, 54, '2'),
(1771, 24, 55, '2'),
(1772, 24, 56, '1'),
(1773, 24, 57, '2'),
(1774, 24, 58, '1'),
(1775, 24, 59, '1'),
(1776, 24, 60, '1'),
(1777, 24, 61, '1'),
(1778, 24, 62, '1'),
(1779, 24, 63, '2'),
(1780, 24, 64, '2'),
(1781, 24, 65, '1'),
(1782, 24, 66, '2'),
(1783, 24, 67, '2'),
(1784, 24, 68, '2'),
(1785, 24, 69, '2'),
(1786, 24, 70, '1'),
(1787, 24, 71, '2'),
(1788, 24, 72, '2'),
(1789, 24, 73, '2'),
(1790, 24, 74, '1'),
(1791, 24, 75, '3'),
(1792, 24, 76, '1'),
(1793, 24, 77, '2022-09-15'),
(1794, 24, 78, 'JHOMYL SANCHEZ CARAG'),
(1795, 25, 1, 'Yes'),
(1796, 25, 2, '8 or more'),
(1797, 25, 3, '1'),
(1798, 25, 4, '1'),
(1799, 25, 5, '2'),
(1800, 25, 6, '1'),
(1801, 25, 7, '1'),
(1802, 25, 8, '1'),
(1803, 25, 9, '1'),
(1804, 25, 10, '2'),
(1805, 25, 11, '1'),
(1806, 25, 12, '1'),
(1807, 25, 13, '1'),
(1808, 25, 14, '1'),
(1809, 25, 15, '1'),
(1810, 25, 16, '1'),
(1811, 25, 17, '1'),
(1812, 25, 18, '1'),
(1813, 25, 19, '1'),
(1814, 25, 20, '1'),
(1815, 25, 21, '1'),
(1816, 25, 22, '1'),
(1817, 25, 23, '1'),
(1818, 25, 24, '1'),
(1819, 25, 25, '1'),
(1820, 25, 26, '1'),
(1821, 25, 27, '1'),
(1822, 25, 28, '1'),
(1823, 25, 29, '1'),
(1824, 25, 30, '2'),
(1825, 25, 31, '1'),
(1826, 25, 32, '1'),
(1827, 25, 33, '1'),
(1828, 25, 34, '1'),
(1829, 25, 35, '1'),
(1830, 25, 36, '1'),
(1831, 25, 37, '1'),
(1832, 25, 38, '1'),
(1833, 25, 39, '1'),
(1834, 25, 40, '1'),
(1835, 25, 41, '1'),
(1836, 25, 42, '1'),
(1837, 25, 43, '1'),
(1838, 25, 44, '1'),
(1839, 25, 45, '1'),
(1840, 25, 46, '1'),
(1841, 25, 47, '1'),
(1842, 25, 48, '1'),
(1843, 25, 49, '1'),
(1844, 25, 50, '1'),
(1845, 25, 51, '1'),
(1846, 25, 52, '1'),
(1847, 25, 53, '1'),
(1848, 25, 54, '1'),
(1849, 25, 55, '1'),
(1850, 25, 56, '1'),
(1851, 25, 57, '1'),
(1852, 25, 58, '1'),
(1853, 25, 59, '1'),
(1854, 25, 60, '1'),
(1855, 25, 61, '1'),
(1856, 25, 62, '1'),
(1857, 25, 63, '1'),
(1858, 25, 64, '1'),
(1859, 25, 65, '1'),
(1860, 25, 66, '1'),
(1861, 25, 67, '1'),
(1862, 25, 68, '1'),
(1863, 25, 69, '1'),
(1864, 25, 70, '1'),
(1865, 25, 71, '1'),
(1866, 25, 72, '2'),
(1867, 25, 73, '1'),
(1868, 25, 74, '1'),
(1869, 25, 75, '1'),
(1870, 25, 76, '1'),
(1871, 25, 77, '2022-10-19'),
(1872, 25, 78, 'MICHAELA RAMIREZ FORTICH'),
(1873, 26, 1, 'Yes'),
(1874, 26, 2, '8 or more'),
(1875, 26, 3, '2'),
(1876, 26, 4, '2'),
(1877, 26, 5, '2'),
(1878, 26, 6, '2'),
(1879, 26, 7, '2'),
(1880, 26, 8, '2'),
(1881, 26, 9, '2'),
(1882, 26, 10, '2'),
(1883, 26, 11, '2'),
(1884, 26, 12, '2'),
(1885, 26, 13, '2'),
(1886, 26, 14, '2'),
(1887, 26, 15, '2'),
(1888, 26, 16, '2'),
(1889, 26, 17, '2'),
(1890, 26, 18, '2'),
(1891, 26, 19, '2'),
(1892, 26, 20, '2'),
(1893, 26, 21, '2'),
(1894, 26, 22, '2'),
(1895, 26, 23, '2'),
(1896, 26, 24, '2'),
(1897, 26, 25, '2'),
(1898, 26, 26, '2'),
(1899, 26, 27, '2'),
(1900, 26, 28, '2'),
(1901, 26, 29, '2'),
(1902, 26, 30, '2'),
(1903, 26, 31, '2'),
(1904, 26, 32, '2'),
(1905, 26, 33, '2'),
(1906, 26, 34, '2'),
(1907, 26, 35, '2'),
(1908, 26, 36, '2'),
(1909, 26, 37, '2'),
(1910, 26, 38, '2'),
(1911, 26, 39, '2'),
(1912, 26, 40, '2'),
(1913, 26, 41, '2'),
(1914, 26, 42, '2'),
(1915, 26, 43, '2'),
(1916, 26, 44, '2'),
(1917, 26, 45, '2'),
(1918, 26, 46, '2'),
(1919, 26, 47, '2'),
(1920, 26, 48, '2'),
(1921, 26, 49, '2'),
(1922, 26, 50, '2'),
(1923, 26, 51, '2'),
(1924, 26, 52, '2'),
(1925, 26, 53, '2'),
(1926, 26, 54, '2'),
(1927, 26, 55, '2'),
(1928, 26, 56, '2'),
(1929, 26, 57, '2'),
(1930, 26, 58, '2'),
(1931, 26, 59, '2'),
(1932, 26, 60, '2'),
(1933, 26, 61, '2'),
(1934, 26, 62, '2'),
(1935, 26, 63, '2'),
(1936, 26, 64, '2'),
(1937, 26, 65, '2'),
(1938, 26, 66, '2'),
(1939, 26, 67, '2'),
(1940, 26, 68, '2'),
(1941, 26, 69, '2'),
(1942, 26, 70, '2'),
(1943, 26, 71, '2'),
(1944, 26, 72, '2'),
(1945, 26, 73, '2'),
(1946, 26, 74, '2'),
(1947, 26, 75, '2'),
(1948, 26, 76, '2'),
(1949, 26, 77, '2022-10-19'),
(1950, 26, 78, 'JEFSEY MAE NACAYTUNA MACABUGTO'),
(1951, 27, 1, 'Agree'),
(1952, 27, 2, '8 or more'),
(1953, 27, 3, '4'),
(1954, 27, 4, '4'),
(1955, 27, 5, '4'),
(1956, 27, 6, '4'),
(1957, 27, 7, '4'),
(1958, 27, 8, '4'),
(1959, 27, 9, '4'),
(1960, 27, 10, '4'),
(1961, 27, 11, '4'),
(1962, 27, 12, '4'),
(1963, 27, 13, '4'),
(1964, 27, 14, '4'),
(1965, 27, 15, '4'),
(1966, 27, 16, '4'),
(1967, 27, 17, '4'),
(1968, 27, 18, '4'),
(1969, 27, 19, '4'),
(1970, 27, 20, '4'),
(1971, 27, 21, '4'),
(1972, 27, 22, '4'),
(1973, 27, 23, '4'),
(1974, 27, 24, '4'),
(1975, 27, 25, '4'),
(1976, 27, 26, '4'),
(1977, 27, 27, '4'),
(1978, 27, 28, '4'),
(1979, 27, 29, '4'),
(1980, 27, 30, '4'),
(1981, 27, 31, '4'),
(1982, 27, 32, '4'),
(1983, 27, 33, '4'),
(1984, 27, 34, '4'),
(1985, 27, 35, '4'),
(1986, 27, 36, '4'),
(1987, 27, 37, '4'),
(1988, 27, 38, '4'),
(1989, 27, 39, '4'),
(1990, 27, 40, '4'),
(1991, 27, 41, '4'),
(1992, 27, 42, '4'),
(1993, 27, 43, '4'),
(1994, 27, 44, '4'),
(1995, 27, 45, '4'),
(1996, 27, 46, '4'),
(1997, 27, 47, '4'),
(1998, 27, 48, '4'),
(1999, 27, 49, '4'),
(2000, 27, 50, '4'),
(2001, 27, 51, '4'),
(2002, 27, 52, '4'),
(2003, 27, 53, '4'),
(2004, 27, 54, '4'),
(2005, 27, 55, '4'),
(2006, 27, 56, '4'),
(2007, 27, 57, '3'),
(2008, 27, 58, '3'),
(2009, 27, 59, '3'),
(2010, 27, 60, '3'),
(2011, 27, 61, '3'),
(2012, 27, 62, '4'),
(2013, 27, 63, '3'),
(2014, 27, 64, '4'),
(2015, 27, 65, '3'),
(2016, 27, 66, '4'),
(2017, 27, 67, '3'),
(2018, 27, 68, '4'),
(2019, 27, 69, '3'),
(2020, 27, 70, '2'),
(2021, 27, 71, '4'),
(2022, 27, 72, '3'),
(2023, 27, 73, '3'),
(2024, 27, 74, '4'),
(2025, 27, 75, '4'),
(2026, 27, 76, '4'),
(2027, 27, 77, '2022-09-15'),
(2028, 27, 78, 'JOHN RYAN AQUINO ENRIQUEZ'),
(2029, 28, 1, 'Agree'),
(2030, 28, 2, '8 or more'),
(2031, 28, 3, '2'),
(2032, 28, 4, '2'),
(2033, 28, 5, '2'),
(2034, 28, 6, '2'),
(2035, 28, 7, '2'),
(2036, 28, 8, '2'),
(2037, 28, 9, '2'),
(2038, 28, 10, '2'),
(2039, 28, 11, '2'),
(2040, 28, 12, '2'),
(2041, 28, 13, '2'),
(2042, 28, 14, '2'),
(2043, 28, 15, '2'),
(2044, 28, 16, '3'),
(2045, 28, 17, '2'),
(2046, 28, 18, '3'),
(2047, 28, 19, '3'),
(2048, 28, 20, '2'),
(2049, 28, 21, '2'),
(2050, 28, 22, '2'),
(2051, 28, 23, '2'),
(2052, 28, 24, '2'),
(2053, 28, 25, '3'),
(2054, 28, 26, '2'),
(2055, 28, 27, '2'),
(2056, 28, 28, '2'),
(2057, 28, 29, '3'),
(2058, 28, 30, '2'),
(2059, 28, 31, '2'),
(2060, 28, 32, '1'),
(2061, 28, 33, '2'),
(2062, 28, 34, '2'),
(2063, 28, 35, '2'),
(2064, 28, 36, '2'),
(2065, 28, 37, '2'),
(2066, 28, 38, '2'),
(2067, 28, 39, '2'),
(2068, 28, 40, '2'),
(2069, 28, 41, '2'),
(2070, 28, 42, '2'),
(2071, 28, 43, '2'),
(2072, 28, 44, '2'),
(2073, 28, 45, '2'),
(2074, 28, 46, '2'),
(2075, 28, 47, '2'),
(2076, 28, 48, '3'),
(2077, 28, 49, '2'),
(2078, 28, 50, '2'),
(2079, 28, 51, '2'),
(2080, 28, 52, '2'),
(2081, 28, 53, '3'),
(2082, 28, 54, '2'),
(2083, 28, 55, '2'),
(2084, 28, 56, '2'),
(2085, 28, 57, '3'),
(2086, 28, 58, '2'),
(2087, 28, 59, '2'),
(2088, 28, 60, '2'),
(2089, 28, 61, '2'),
(2090, 28, 62, '2'),
(2091, 28, 63, '3'),
(2092, 28, 64, '3'),
(2093, 28, 65, '2'),
(2094, 28, 66, '2'),
(2095, 28, 67, '2'),
(2096, 28, 68, '2'),
(2097, 28, 69, '2'),
(2098, 28, 70, '2'),
(2099, 28, 71, '2'),
(2100, 28, 72, '2'),
(2101, 28, 73, '3'),
(2102, 28, 74, '1'),
(2103, 28, 75, '1'),
(2104, 28, 76, '2'),
(2105, 28, 77, '2022-10-19'),
(2106, 28, 78, 'FATIMA ASHLEY OBLINA JUNDAM'),
(2107, 29, 1, 'Agree'),
(2108, 29, 2, '8 or more'),
(2109, 29, 3, '1'),
(2110, 29, 4, '1'),
(2111, 29, 5, '1'),
(2112, 29, 6, '1'),
(2113, 29, 7, '1'),
(2114, 29, 8, '1'),
(2115, 29, 9, '1'),
(2116, 29, 10, '1'),
(2117, 29, 11, '1'),
(2118, 29, 12, '1'),
(2119, 29, 13, '1'),
(2120, 29, 14, '1'),
(2121, 29, 15, '1'),
(2122, 29, 16, '1'),
(2123, 29, 17, '1'),
(2124, 29, 18, '1'),
(2125, 29, 19, '1'),
(2126, 29, 20, '1'),
(2127, 29, 21, '1'),
(2128, 29, 22, '1'),
(2129, 29, 23, '1'),
(2130, 29, 24, '1'),
(2131, 29, 25, '1'),
(2132, 29, 26, '1'),
(2133, 29, 27, '1'),
(2134, 29, 28, '1'),
(2135, 29, 29, '1'),
(2136, 29, 30, '1'),
(2137, 29, 31, '1'),
(2138, 29, 32, '1'),
(2139, 29, 33, '2'),
(2140, 29, 34, '2'),
(2141, 29, 35, '2'),
(2142, 29, 36, '2'),
(2143, 29, 37, '1'),
(2144, 29, 38, '1'),
(2145, 29, 39, '2'),
(2146, 29, 40, '2'),
(2147, 29, 41, '2'),
(2148, 29, 42, '2'),
(2149, 29, 43, '2'),
(2150, 29, 44, '2'),
(2151, 29, 45, '1'),
(2152, 29, 46, '1'),
(2153, 29, 47, '1'),
(2154, 29, 48, '2'),
(2155, 29, 49, '1'),
(2156, 29, 50, '1'),
(2157, 29, 51, '2'),
(2158, 29, 52, '2'),
(2159, 29, 53, '2'),
(2160, 29, 54, '2'),
(2161, 29, 55, '1'),
(2162, 29, 56, '1'),
(2163, 29, 57, '1'),
(2164, 29, 58, '1'),
(2165, 29, 59, '1'),
(2166, 29, 60, '1'),
(2167, 29, 61, '1'),
(2168, 29, 62, '1'),
(2169, 29, 63, '1'),
(2170, 29, 64, '1'),
(2171, 29, 65, '1'),
(2172, 29, 66, '1'),
(2173, 29, 67, '1'),
(2174, 29, 68, '1'),
(2175, 29, 69, '1'),
(2176, 29, 70, '1'),
(2177, 29, 71, '1'),
(2178, 29, 72, '1'),
(2179, 29, 73, '1'),
(2180, 29, 74, '1'),
(2181, 29, 75, '1'),
(2182, 29, 76, '1'),
(2183, 29, 77, '2022-10-19'),
(2184, 29, 78, 'ACE ANDREI MARTINEZ'),
(2185, 30, 1, 'Agree'),
(2186, 30, 2, '8 or more'),
(2187, 30, 3, '2'),
(2188, 30, 4, '2'),
(2189, 30, 5, '2'),
(2190, 30, 6, '2'),
(2191, 30, 7, '2'),
(2192, 30, 8, '1'),
(2193, 30, 9, '2'),
(2194, 30, 10, '1'),
(2195, 30, 11, '2'),
(2196, 30, 12, '2'),
(2197, 30, 13, '2'),
(2198, 30, 14, '1'),
(2199, 30, 15, '2'),
(2200, 30, 16, '1'),
(2201, 30, 17, '2'),
(2202, 30, 18, '1'),
(2203, 30, 19, '2'),
(2204, 30, 20, '2'),
(2205, 30, 21, '2'),
(2206, 30, 22, '1'),
(2207, 30, 23, '2'),
(2208, 30, 24, '2'),
(2209, 30, 25, '1'),
(2210, 30, 26, '2'),
(2211, 30, 27, '2'),
(2212, 30, 28, '2'),
(2213, 30, 29, '1'),
(2214, 30, 30, '2'),
(2215, 30, 31, '2'),
(2216, 30, 32, '2'),
(2217, 30, 33, '2'),
(2218, 30, 34, '1'),
(2219, 30, 35, '2'),
(2220, 30, 36, '2'),
(2221, 30, 37, '2'),
(2222, 30, 38, '2'),
(2223, 30, 39, '2'),
(2224, 30, 40, '2'),
(2225, 30, 41, '2'),
(2226, 30, 42, '2'),
(2227, 30, 43, '2'),
(2228, 30, 44, '1'),
(2229, 30, 45, '1'),
(2230, 30, 46, '2'),
(2231, 30, 47, '2'),
(2232, 30, 48, '2'),
(2233, 30, 49, '2'),
(2234, 30, 50, '2'),
(2235, 30, 51, '2'),
(2236, 30, 52, '2'),
(2237, 30, 53, '1'),
(2238, 30, 54, '1'),
(2239, 30, 55, '1'),
(2240, 30, 56, '2'),
(2241, 30, 57, '2'),
(2242, 30, 58, '2'),
(2243, 30, 59, '2'),
(2244, 30, 60, '1'),
(2245, 30, 61, '2'),
(2246, 30, 62, '2'),
(2247, 30, 63, '1'),
(2248, 30, 64, '2'),
(2249, 30, 65, '2'),
(2250, 30, 66, '2'),
(2251, 30, 67, '2'),
(2252, 30, 68, '1'),
(2253, 30, 69, '2'),
(2254, 30, 70, '3'),
(2255, 30, 71, '2'),
(2256, 30, 72, '2'),
(2257, 30, 73, '2'),
(2258, 30, 74, '2'),
(2259, 30, 75, '2'),
(2260, 30, 76, '2'),
(2261, 30, 77, '2022-09-16'),
(2262, 30, 78, 'KING DOMINIC ERASMO MAYO'),
(2263, 31, 1, 'Agree'),
(2264, 31, 2, '8 or more'),
(2265, 31, 3, '1'),
(2266, 31, 4, '1'),
(2267, 31, 5, '1'),
(2268, 31, 6, '1'),
(2269, 31, 7, '1'),
(2270, 31, 8, '1'),
(2271, 31, 9, '1'),
(2272, 31, 10, '1'),
(2273, 31, 11, '1'),
(2274, 31, 12, '1'),
(2275, 31, 13, '1'),
(2276, 31, 14, '1'),
(2277, 31, 15, '1'),
(2278, 31, 16, '1'),
(2279, 31, 17, '1'),
(2280, 31, 18, '1'),
(2281, 31, 19, '1'),
(2282, 31, 20, '1'),
(2283, 31, 21, '1'),
(2284, 31, 22, '1'),
(2285, 31, 23, '1'),
(2286, 31, 24, '1'),
(2287, 31, 25, '1'),
(2288, 31, 26, '1'),
(2289, 31, 27, '1'),
(2290, 31, 28, '1'),
(2291, 31, 29, '1'),
(2292, 31, 30, '1'),
(2293, 31, 31, '1'),
(2294, 31, 32, '1'),
(2295, 31, 33, '1'),
(2296, 31, 34, '1'),
(2297, 31, 35, '1'),
(2298, 31, 36, '1'),
(2299, 31, 37, '1'),
(2300, 31, 38, '1'),
(2301, 31, 39, '1'),
(2302, 31, 40, '1'),
(2303, 31, 41, '1'),
(2304, 31, 42, '1'),
(2305, 31, 43, '1'),
(2306, 31, 44, '1'),
(2307, 31, 45, '1'),
(2308, 31, 46, '1'),
(2309, 31, 47, '1'),
(2310, 31, 48, '1'),
(2311, 31, 49, '1'),
(2312, 31, 50, '1'),
(2313, 31, 51, '1'),
(2314, 31, 52, '1'),
(2315, 31, 53, '1'),
(2316, 31, 54, '1'),
(2317, 31, 55, '1'),
(2318, 31, 56, '1'),
(2319, 31, 57, '1'),
(2320, 31, 58, '1'),
(2321, 31, 59, '1'),
(2322, 31, 60, '1'),
(2323, 31, 61, '1'),
(2324, 31, 62, '1'),
(2325, 31, 63, '1'),
(2326, 31, 64, '1'),
(2327, 31, 65, '1'),
(2328, 31, 66, '1'),
(2329, 31, 67, '1'),
(2330, 31, 68, '1'),
(2331, 31, 69, '1'),
(2332, 31, 70, '1'),
(2333, 31, 71, '1'),
(2334, 31, 72, '1'),
(2335, 31, 73, '1'),
(2336, 31, 74, '1'),
(2337, 31, 75, '1'),
(2338, 31, 76, '1'),
(2339, 31, 77, '2022-09-16'),
(2340, 31, 78, 'KYLE CLOUIE SESCON MOSEÑOS');

-- --------------------------------------------------------

--
-- Table structure for table `form_sas_categories`
--

CREATE TABLE `form_sas_categories` (
  `category_id` int(10) UNSIGNED NOT NULL,
  `form_id` int(10) UNSIGNED DEFAULT NULL,
  `category_name` varchar(255) COLLATE utf8mb4_unicode_ci NOT NULL
) ENGINE=InnoDB DEFAULT CHARSET=utf8mb4 COLLATE=utf8mb4_unicode_ci;

--
-- Dumping data for table `form_sas_categories`
--

INSERT INTO `form_sas_categories` (`category_id`, `form_id`, `category_name`) VALUES
(1, 3, 'Data Privacy Notice'),
(2, 3, 'Personal Information'),
(3, 3, 'Student Affairs and Services (SAS) Program'),
(4, 3, 'Admission Services'),
(5, 3, 'Information and Orientation Services'),
(6, 3, 'Scholarship and Financial Assistance'),
(7, 3, 'Health Services'),
(8, 3, 'Guidance and Counseling Services'),
(9, 3, 'Food Services'),
(10, 3, 'Career and Placement Services'),
(11, 3, 'Safety and Security Services'),
(12, 3, 'Student Discipline'),
(13, 3, 'Services for Students with Special Needs'),
(14, 3, 'Student Organizations and Activities'),
(15, 3, 'Date and Signature');

-- --------------------------------------------------------

--
-- Table structure for table `form_sas_questions`
--

CREATE TABLE `form_sas_questions` (
  `question_id` int(10) UNSIGNED NOT NULL,
  `category_id` int(10) UNSIGNED DEFAULT NULL,
  `question_text` varchar(255) COLLATE utf8mb4_unicode_ci NOT NULL,
  `question_type` varchar(255) COLLATE utf8mb4_unicode_ci NOT NULL,
  `question_placeholder` varchar(255) COLLATE utf8mb4_unicode_ci DEFAULT NULL
) ENGINE=InnoDB DEFAULT CHARSET=utf8mb4 COLLATE=utf8mb4_unicode_ci;

--
-- Dumping data for table `form_sas_questions`
--

INSERT INTO `form_sas_questions` (`question_id`, `category_id`, `question_text`, `question_type`, `question_placeholder`) VALUES
(1, 1, 'Data Privacy Notice', 'checkbox', NULL),
(2, 2, 'Number of Semesters with PUP (*type number only)', 'select', 'e.g. 8'),
(3, 3, 'Clarity of objectives of the SAS program, projects and activities.', 'radio', NULL),
(4, 3, 'Relevance of the SAS Program to students’ welfare and development.', 'radio', NULL),
(5, 3, 'Consistency of the SAS Program with the PUP mission and vision.', 'radio', NULL),
(6, 3, 'Consistency of the SAS Program with the College goals and curricular program objectives.', 'radio', NULL),
(7, 3, 'Dissemination of the SAS Program, projects and activities.', 'radio', NULL),
(8, 3, 'Qualification of heads and administrative support staff of SAS offices.', 'radio', NULL),
(9, 3, 'Management and supervision of SAS program.', 'radio', NULL),
(10, 3, 'Implementation of the SAS program.', 'radio', NULL),
(11, 3, 'Responsiveness of the SAS program to students’ welfare and development.', 'radio', NULL),
(12, 3, 'Adequacy of administrative support personnel for SAS.', 'radio', NULL),
(13, 3, 'Proximity of SAS offices.', 'radio', NULL),
(14, 3, 'Promptness of student services and transactions.', 'radio', NULL),
(15, 3, 'Courtesy of administrative support personnel.', 'radio', NULL),
(16, 3, 'Adequacy of physical facilities for SAS program, projects and activities.', 'radio', NULL),
(17, 3, 'Adequacy of equipment and materials for SAS.', 'radio', NULL),
(18, 3, 'Efficiency of student services and transactions.', 'radio', NULL),
(19, 3, 'Transparency and accountability in spending the budget for SAS.', 'radio', NULL),
(20, 3, 'Monitoring of SAS program, projects and activities.', 'radio', NULL),
(21, 3, 'Evaluation of the SAS program, projects and activities.', 'radio', NULL),
(22, 3, 'Conduct research on SAS program, projects and activities.', 'radio', NULL),
(23, 3, 'Dissemination and utilization of research results and outputs.', 'radio', NULL),
(24, 3, 'Rewards and incentives for excellence in SAS.', 'radio', NULL),
(25, 4, 'Dissemination of policy on student recruitment, selection, admission and retention.', 'radio', NULL),
(26, 4, 'System of student recruitment, selection and admission.', 'radio', NULL),
(27, 4, 'Implementation of the policy on student retention.', 'radio', NULL),
(28, 4, 'Processing of students’ entrance and requirements.', 'radio', NULL),
(29, 5, 'Availability of informational materials on the University’s mission and vision.', 'radio', NULL),
(30, 5, 'Availability of informational materials on College goals and program objectives.', 'radio', NULL),
(31, 5, 'Accessibility of informational materials on academic rules and regulations, student conduct and discipline.', 'radio', NULL),
(32, 5, 'Orientation of new students.', 'radio', NULL),
(33, 5, 'Orientation of returning and continuing students.', 'radio', NULL),
(34, 5, 'Availability of educational, career and social reading materials.', 'radio', NULL),
(35, 6, 'Accessibility of informational materials about scholarships, study grants and other schemes of financial aides.', 'radio', NULL),
(36, 6, 'Implementation of the policy on scholarship, study grants and other schemes of financial aide.', 'radio', NULL),
(37, 6, 'Monitoring of the performance of recipients of scholarship, study grants and other schemes of financial aides.', 'radio', NULL),
(38, 6, 'Generation of funds for scholarship, study grants and other financial aides.', 'radio', NULL),
(39, 7, 'Dissemination of health services program, projects and activities.', 'radio', NULL),
(40, 7, 'Adequacy of medical services.', 'radio', NULL),
(41, 7, 'Adequacy of dental services.', 'radio', NULL),
(42, 7, 'Competence of medical and dental personnel.', 'radio', NULL),
(43, 7, 'Adequacy of medical and dental facilities, equipment and supplies.', 'radio', NULL),
(44, 7, 'Promptness of medical and dental services.', 'radio', NULL),
(45, 8, 'Appraisal system for student’s attributes, adaptability, and competence.', 'radio', NULL),
(46, 8, 'Availability of counseling services.', 'radio', NULL),
(47, 8, 'Maintenance of confidential records by the guidance counselors.', 'radio', NULL),
(48, 8, 'Availability of counseling rooms.', 'radio', NULL),
(49, 8, 'Monitoring of the effectiveness of guidance and placement activities.', 'radio', NULL),
(50, 9, 'Management of safety and sanitary conditions of canteen and food outlets.', 'radio', NULL),
(51, 9, 'Coordination of the food safety of food services outside the school premises with the local government.', 'radio', NULL),
(52, 9, 'Nutrition of meals served in the canteen and food outlets.', 'radio', NULL),
(53, 9, 'Affordability and reasonableness of prices of the meals in the canteen and food outlets.', 'radio', NULL),
(54, 9, 'Personal hygiene of canteen and food outlets personnel.', 'radio', NULL),
(55, 10, 'Availability of informational materials about career and employment opportunities.', 'radio', NULL),
(56, 10, 'Appraisal of students for career and job placement.', 'radio', NULL),
(57, 10, 'Provision for career seminar and job placement services.', 'radio', NULL),
(58, 10, 'Linkages and networks for possible career and job placement.', 'radio', NULL),
(59, 10, 'Monitoring of student placement provided.', 'radio', NULL),
(60, 11, 'Competence of security personnel.', 'radio', NULL),
(61, 11, 'Care of safety and security of students and students’ belongings.', 'radio', NULL),
(62, 11, 'Maintenance of safety and security of school environment, buildings and facilities.', 'radio', NULL),
(63, 12, 'Dissemination of sex sensitive rules and regulations.', 'radio', NULL),
(64, 12, 'Definition of appropriate student conduct.', 'radio', NULL),
(65, 12, 'Sanctions for student misconduct.', 'radio', NULL),
(66, 13, 'Accommodation of students with disabilities and learners with special needs.', 'radio', NULL),
(67, 13, 'Provision of facilities for students with disabilities.', 'radio', NULL),
(68, 13, 'Provision of life skills training like conflict management and counseling.', 'radio', NULL),
(69, 14, 'System of accreditation and recognition of student organizations.', 'radio', NULL),
(70, 14, 'Dissemination of requirements and procedure for accreditation of student groups.', 'radio', NULL),
(71, 14, 'Provision of office space and other school support for accredited student groups.', 'radio', NULL),
(72, 14, 'Mechanism for student organizations to coordinate with school administration.', 'radio', NULL),
(73, 14, 'Provision of leadership trainings.', 'radio', NULL),
(74, 14, 'Opportunity to interact with other student organizations from other schools.', 'radio', NULL),
(75, 14, 'Recognition of the students the right to govern themselves.', 'radio', NULL),
(76, 14, 'Opportunity to represent students in student council and board of regents.', 'radio', NULL),
(77, 15, 'Date Signed', 'date', NULL),
(78, 15, 'Signature', 'text', 'PRINTED NAME');

-- --------------------------------------------------------

--
-- Table structure for table `migrations`
--

CREATE TABLE `migrations` (
  `id` int(10) UNSIGNED NOT NULL,
  `migration` varchar(255) COLLATE utf8mb4_unicode_ci NOT NULL,
  `batch` int(11) NOT NULL
) ENGINE=InnoDB DEFAULT CHARSET=utf8mb4 COLLATE=utf8mb4_unicode_ci;

--
-- Dumping data for table `migrations`
--

INSERT INTO `migrations` (`id`, `migration`, `batch`) VALUES
(126, '2014_10_12_100000_create_password_resets_table', 1),
(127, '2019_08_19_000000_create_failed_jobs_table', 1),
(128, '2019_12_14_000001_create_personal_access_tokens_table', 1),
(129, '2022_09_13_193919_create_tbl_courses_table', 1),
(130, '2022_09_13_194119_create_tbl_admin_table', 1),
(131, '2022_09_16_222234_create_tbl_alumni_table', 1),
(132, '2022_09_20_000906_create_users_table', 1),
(133, '2022_09_20_001025_create_tbl_careers_table', 1),
(134, '2022_09_20_084753_create_tbl_alumni_list_table', 1),
(135, '2022_10_25_194521_create_tbl_forms_table', 1),
(136, '2022_10_25_194723_create_form_pds_categories_table', 1),
(137, '2022_10_25_195029_create_form_pds_questions_table', 1),
(138, '2022_10_25_202954_create_form_pds_answers_table', 1),
(139, '2022_10_26_090207_create_form_eif_categories_table', 1),
(140, '2022_10_26_090253_create_form_eif_questions_table', 1),
(141, '2022_10_26_090428_create_form_eif_answers_table', 1),
(142, '2022_10_26_100031_create_form_sas_categories_table', 1),
(143, '2022_10_26_100252_create_form_sas_questions_table', 1),
(144, '2022_10_26_100339_create_form_sas_answers_table', 1),
(145, '2022_11_04_192607_create_tbl_tracer_categories_table', 1),
(146, '2022_11_04_193020_create_tbl_tracer_questions_table', 1),
(147, '2022_11_04_193113_create_tbl_tracer_answers_table', 1),
(148, '2022_12_20_204825_create_tbl_career_categories_table', 1),
(149, '2022_12_21_032735_create_tbl_news_table', 1),
(150, '2022_12_21_032819_create_tbl_announcement_table', 1);

-- --------------------------------------------------------

--
-- Table structure for table `password_resets`
--

CREATE TABLE `password_resets` (
  `email` varchar(255) COLLATE utf8mb4_unicode_ci NOT NULL,
  `token` varchar(255) COLLATE utf8mb4_unicode_ci NOT NULL,
  `created_at` timestamp NULL DEFAULT NULL
) ENGINE=InnoDB DEFAULT CHARSET=utf8mb4 COLLATE=utf8mb4_unicode_ci;

-- --------------------------------------------------------

--
-- Table structure for table `personal_access_tokens`
--

CREATE TABLE `personal_access_tokens` (
  `id` bigint(20) UNSIGNED NOT NULL,
  `tokenable_type` varchar(255) COLLATE utf8mb4_unicode_ci NOT NULL,
  `tokenable_id` bigint(20) UNSIGNED NOT NULL,
  `name` varchar(255) COLLATE utf8mb4_unicode_ci NOT NULL,
  `token` varchar(64) COLLATE utf8mb4_unicode_ci NOT NULL,
  `abilities` text COLLATE utf8mb4_unicode_ci DEFAULT NULL,
  `last_used_at` timestamp NULL DEFAULT NULL,
  `expires_at` timestamp NULL DEFAULT NULL,
  `created_at` timestamp NULL DEFAULT NULL,
  `updated_at` timestamp NULL DEFAULT NULL
) ENGINE=InnoDB DEFAULT CHARSET=utf8mb4 COLLATE=utf8mb4_unicode_ci;

-- --------------------------------------------------------

--
-- Table structure for table `sheet1`
--

CREATE TABLE `sheet1` (
  `A` varchar(10) DEFAULT NULL,
  `17` int(2) DEFAULT NULL,
  `1` int(2) DEFAULT NULL,
  `Agree` varchar(71) DEFAULT NULL
) ENGINE=InnoDB DEFAULT CHARSET=utf8;

--
-- Dumping data for table `sheet1`
--

INSERT INTO `sheet1` (`A`, `17`, `1`, `Agree`) VALUES
(NULL, 17, 2, 'N/A'),
(NULL, 17, 3, 'Graduation'),
(NULL, 17, 4, '4'),
(NULL, 17, 5, '5'),
(NULL, 17, 6, '3'),
(NULL, 17, 7, '5'),
(NULL, 17, 8, '3'),
(NULL, 17, 9, '5'),
(NULL, 17, 10, '5'),
(NULL, 17, 11, '4'),
(NULL, 17, 12, '4'),
(NULL, 17, 13, '4'),
(NULL, 17, 14, '4'),
(NULL, 17, 15, '5'),
(NULL, 17, 16, '4'),
(NULL, 17, 17, '4'),
(NULL, 17, 18, '4'),
(NULL, 17, 19, '4'),
(NULL, 17, 20, '4'),
(NULL, 17, 21, '4'),
(NULL, 17, 22, '4'),
(NULL, 17, 23, '4'),
(NULL, 17, 24, '4'),
(NULL, 17, 25, '4'),
(NULL, 17, 26, '4'),
(NULL, 17, 27, '4'),
(NULL, 17, 28, '4'),
(NULL, 17, 29, '4'),
(NULL, 17, 30, '4'),
(NULL, 17, 31, '4'),
(NULL, 17, 32, '4'),
(NULL, 17, 33, '4'),
(NULL, 17, 34, '4'),
(NULL, 17, 35, '4'),
(NULL, 17, 36, '4'),
(NULL, 17, 37, '4'),
(NULL, 17, 38, '4'),
(NULL, 17, 39, '4'),
(NULL, 17, 40, '4'),
(NULL, 17, 41, '4'),
(NULL, 17, 42, '4'),
(NULL, 17, 43, '4'),
(NULL, 17, 44, '4'),
(NULL, 17, 45, '4'),
(NULL, 17, 46, '4'),
(NULL, 17, 47, '4'),
(NULL, 17, 48, '5'),
(NULL, 17, 49, '4'),
(NULL, 17, 50, 'None'),
(NULL, 17, 51, '2022-09-18'),
(NULL, 17, 52, 'IMTARID SALAZAR RACMAN'),
(NULL, 18, 1, 'Agree'),
(NULL, 18, 2, 'N/A'),
(NULL, 18, 3, 'Graduation'),
(NULL, 18, 4, '5'),
(NULL, 18, 5, '5'),
(NULL, 18, 6, '5'),
(NULL, 18, 7, '4'),
(NULL, 18, 8, '5'),
(NULL, 18, 9, '5'),
(NULL, 18, 10, '5'),
(NULL, 18, 11, '5'),
(NULL, 18, 12, '5'),
(NULL, 18, 13, '5'),
(NULL, 18, 14, '5'),
(NULL, 18, 15, '5'),
(NULL, 18, 16, '5'),
(NULL, 18, 17, '5'),
(NULL, 18, 18, '5'),
(NULL, 18, 19, '5'),
(NULL, 18, 20, '5'),
(NULL, 18, 21, '5'),
(NULL, 18, 22, '5'),
(NULL, 18, 23, '5'),
(NULL, 18, 24, '5'),
(NULL, 18, 25, '5'),
(NULL, 18, 26, '5'),
(NULL, 18, 27, '5'),
(NULL, 18, 28, '5'),
(NULL, 18, 29, '5'),
(NULL, 18, 30, '5'),
(NULL, 18, 31, '5'),
(NULL, 18, 32, '5'),
(NULL, 18, 33, '5'),
(NULL, 18, 34, '5'),
(NULL, 18, 35, '5'),
(NULL, 18, 36, '5'),
(NULL, 18, 37, '5'),
(NULL, 18, 38, '5'),
(NULL, 18, 39, '4'),
(NULL, 18, 40, '4'),
(NULL, 18, 41, '5'),
(NULL, 18, 42, '5'),
(NULL, 18, 43, '5'),
(NULL, 18, 44, '5'),
(NULL, 18, 45, '5'),
(NULL, 18, 46, '5'),
(NULL, 18, 47, '5'),
(NULL, 18, 48, '5'),
(NULL, 18, 49, '5'),
(NULL, 18, 50, 'The PUP Taguig is a great choice to study for tertiary level education.'),
(NULL, 18, 51, '2022-09-18'),
(NULL, 18, 52, 'SHANNEN MAE CARRIAGA TORREJOS'),
(NULL, 19, 1, 'Agree'),
(NULL, 19, 2, 'N/A'),
(NULL, 19, 3, 'Graduation'),
(NULL, 19, 4, '5'),
(NULL, 19, 5, '5'),
(NULL, 19, 6, '5'),
(NULL, 19, 7, '5'),
(NULL, 19, 8, '4'),
(NULL, 19, 9, '5'),
(NULL, 19, 10, '5'),
(NULL, 19, 11, '5'),
(NULL, 19, 12, '4'),
(NULL, 19, 13, '4'),
(NULL, 19, 14, '5'),
(NULL, 19, 15, '5'),
(NULL, 19, 16, '5'),
(NULL, 19, 17, '5'),
(NULL, 19, 18, '5'),
(NULL, 19, 19, '5'),
(NULL, 19, 20, '5'),
(NULL, 19, 21, '5'),
(NULL, 19, 22, '5'),
(NULL, 19, 23, '5'),
(NULL, 19, 24, '5'),
(NULL, 19, 25, '5'),
(NULL, 19, 26, '5'),
(NULL, 19, 27, '5'),
(NULL, 19, 28, '5'),
(NULL, 19, 29, '5'),
(NULL, 19, 30, '5'),
(NULL, 19, 31, '5'),
(NULL, 19, 32, '5'),
(NULL, 19, 33, '5'),
(NULL, 19, 34, '2'),
(NULL, 19, 35, '5'),
(NULL, 19, 36, '2'),
(NULL, 19, 37, '5'),
(NULL, 19, 38, '2'),
(NULL, 19, 39, '5'),
(NULL, 19, 40, '2'),
(NULL, 19, 41, '5'),
(NULL, 19, 42, '2'),
(NULL, 19, 43, '5'),
(NULL, 19, 44, '2'),
(NULL, 19, 45, '5'),
(NULL, 19, 46, '2'),
(NULL, 19, 47, '5'),
(NULL, 19, 48, '2'),
(NULL, 19, 49, '5'),
(NULL, 19, 50, 'N/A'),
(NULL, 19, 51, '2022-09-19'),
(NULL, 19, 52, 'XAVIER ADRALES AGUDERA'),
(NULL, 20, 1, 'Agree'),
(NULL, 20, 2, 'CEA, Alorica MOA, No Telephone Number'),
(NULL, 20, 3, 'Graduation'),
(NULL, 20, 4, '5'),
(NULL, 20, 5, '5'),
(NULL, 20, 6, '5'),
(NULL, 20, 7, '5'),
(NULL, 20, 8, '4'),
(NULL, 20, 9, '5'),
(NULL, 20, 10, '5'),
(NULL, 20, 11, '5'),
(NULL, 20, 12, '5'),
(NULL, 20, 13, '5'),
(NULL, 20, 14, '5'),
(NULL, 20, 15, '5'),
(NULL, 20, 16, '5'),
(NULL, 20, 17, '5'),
(NULL, 20, 18, '5'),
(NULL, 20, 19, '5'),
(NULL, 20, 20, '5'),
(NULL, 20, 21, '5'),
(NULL, 20, 22, '4'),
(NULL, 20, 23, '5'),
(NULL, 20, 24, '5'),
(NULL, 20, 25, '5'),
(NULL, 20, 26, '5'),
(NULL, 20, 27, '5'),
(NULL, 20, 28, '5'),
(NULL, 20, 29, '5'),
(NULL, 20, 30, '5'),
(NULL, 20, 31, '5'),
(NULL, 20, 32, '5'),
(NULL, 20, 33, '5'),
(NULL, 20, 34, '5'),
(NULL, 20, 35, '4'),
(NULL, 20, 36, '4'),
(NULL, 20, 37, '4'),
(NULL, 20, 38, '3'),
(NULL, 20, 39, '3'),
(NULL, 20, 40, '3'),
(NULL, 20, 41, '3'),
(NULL, 20, 42, '3'),
(NULL, 20, 43, '3'),
(NULL, 20, 44, '4'),
(NULL, 20, 45, '4'),
(NULL, 20, 46, '5'),
(NULL, 20, 47, '5'),
(NULL, 20, 48, '5'),
(NULL, 20, 49, '5'),
(NULL, 20, 50, 'N/A'),
(NULL, 20, 51, '2022-10-21'),
(NULL, 20, 52, 'CRIMSON CARZON MERIEL'),
(NULL, 21, 1, 'Agree'),
(NULL, 21, 2, 'N/A'),
(NULL, 21, 3, 'Graduation'),
(NULL, 21, 4, '4'),
(NULL, 21, 5, '4'),
(NULL, 21, 6, '4'),
(NULL, 21, 7, '3'),
(NULL, 21, 8, '4'),
(NULL, 21, 9, '4'),
(NULL, 21, 10, '4'),
(NULL, 21, 11, '5'),
(NULL, 21, 12, '4'),
(NULL, 21, 13, '5'),
(NULL, 21, 14, '5'),
(NULL, 21, 15, '5'),
(NULL, 21, 16, '5'),
(NULL, 21, 17, '5'),
(NULL, 21, 18, '5'),
(NULL, 21, 19, '5'),
(NULL, 21, 20, '5'),
(NULL, 21, 21, '5'),
(NULL, 21, 22, '5'),
(NULL, 21, 23, '5'),
(NULL, 21, 24, '5'),
(NULL, 21, 25, '5'),
(NULL, 21, 26, '5'),
(NULL, 21, 27, '5'),
(NULL, 21, 28, '5'),
(NULL, 21, 29, '5'),
(NULL, 21, 30, '5'),
(NULL, 21, 31, '5'),
(NULL, 21, 32, '5'),
(NULL, 21, 33, '5'),
(NULL, 21, 34, '5'),
(NULL, 21, 35, '5'),
(NULL, 21, 36, '5'),
(NULL, 21, 37, '5'),
(NULL, 21, 38, '5'),
(NULL, 21, 39, '5'),
(NULL, 21, 40, '5'),
(NULL, 21, 41, '5'),
(NULL, 21, 42, '5'),
(NULL, 21, 43, '5'),
(NULL, 21, 44, '5'),
(NULL, 21, 45, '5'),
(NULL, 21, 46, '5'),
(NULL, 21, 47, '5'),
(NULL, 21, 48, '4'),
(NULL, 21, 49, '4'),
(NULL, 21, 50, 'None'),
(NULL, 21, 51, '2022-09-15'),
(NULL, 21, 52, 'JOHN REX GORDONAS PANESTANTE');

-- --------------------------------------------------------

--
-- Table structure for table `tbl_admin`
--

CREATE TABLE `tbl_admin` (
  `admin_id` int(10) UNSIGNED NOT NULL,
  `last_name` varchar(255) COLLATE utf8mb4_unicode_ci NOT NULL,
  `first_name` varchar(255) COLLATE utf8mb4_unicode_ci NOT NULL,
  `middle_name` varchar(255) COLLATE utf8mb4_unicode_ci DEFAULT NULL,
  `suffix` varchar(255) COLLATE utf8mb4_unicode_ci DEFAULT NULL,
  `email` varchar(255) COLLATE utf8mb4_unicode_ci NOT NULL,
  `username` varchar(255) COLLATE utf8mb4_unicode_ci NOT NULL,
  `password` varchar(255) COLLATE utf8mb4_unicode_ci NOT NULL,
  `user_role` varchar(255) COLLATE utf8mb4_unicode_ci NOT NULL,
  `created_at` timestamp NULL DEFAULT NULL,
  `updated_at` timestamp NULL DEFAULT NULL
) ENGINE=InnoDB DEFAULT CHARSET=utf8mb4 COLLATE=utf8mb4_unicode_ci;

--
-- Dumping data for table `tbl_admin`
--

INSERT INTO `tbl_admin` (`admin_id`, `last_name`, `first_name`, `middle_name`, `suffix`, `email`, `username`, `password`, `user_role`, `created_at`, `updated_at`) VALUES
(1, 'Admin', 'Regular', NULL, NULL, 'pupt.alumniportalsystem@gmail.com', 'Admin', '$2y$10$5EufXamveYAtaaaHrrxfHuhkp0qeTL3e/9hq7AMv/yfdEmj2NWWla', 'Admin', '2022-12-21 22:18:14', '2022-12-21 22:18:14'),
(2, 'Admin', 'Super', NULL, NULL, 'superadmin@gmail.com', 'SuperAdmin', '$2y$10$5EufXamveYAtaaaHrrxfHuhkp0qeTL3e/9hq7AMv/yfdEmj2NWWla', 'Super_Admin', '2022-12-21 22:18:14', '2022-12-21 22:18:14');

-- --------------------------------------------------------

--
-- Table structure for table `tbl_alumni`
--

CREATE TABLE `tbl_alumni` (
  `alumni_id` int(10) UNSIGNED NOT NULL,
  `stud_number` varchar(255) COLLATE utf8mb4_unicode_ci NOT NULL,
  `last_name` varchar(255) COLLATE utf8mb4_unicode_ci NOT NULL,
  `first_name` varchar(255) COLLATE utf8mb4_unicode_ci NOT NULL,
  `middle_name` varchar(255) COLLATE utf8mb4_unicode_ci DEFAULT NULL,
  `suffix` varchar(255) COLLATE utf8mb4_unicode_ci DEFAULT NULL,
  `course_id` varchar(255) COLLATE utf8mb4_unicode_ci NOT NULL,
  `batch` int(11) NOT NULL,
  `sex` varchar(255) COLLATE utf8mb4_unicode_ci DEFAULT NULL,
  `birthday` date DEFAULT NULL,
  `age` int(11) DEFAULT NULL,
  `religion` varchar(255) COLLATE utf8mb4_unicode_ci DEFAULT NULL,
  `civil_status` varchar(255) COLLATE utf8mb4_unicode_ci DEFAULT NULL,
  `city_address` varchar(255) COLLATE utf8mb4_unicode_ci DEFAULT NULL,
  `provincial_address` varchar(255) COLLATE utf8mb4_unicode_ci DEFAULT NULL,
  `email` varchar(255) COLLATE utf8mb4_unicode_ci NOT NULL,
  `email_verified_at` timestamp NULL DEFAULT NULL,
  `number` varchar(255) COLLATE utf8mb4_unicode_ci NOT NULL,
  `username` varchar(255) COLLATE utf8mb4_unicode_ci NOT NULL,
  `password` varchar(255) COLLATE utf8mb4_unicode_ci NOT NULL,
  `user_role` varchar(255) COLLATE utf8mb4_unicode_ci NOT NULL,
  `user_pfp` varchar(255) COLLATE utf8mb4_unicode_ci DEFAULT NULL
) ENGINE=InnoDB DEFAULT CHARSET=utf8mb4 COLLATE=utf8mb4_unicode_ci;

--
-- Dumping data for table `tbl_alumni`
--

INSERT INTO `tbl_alumni` (`alumni_id`, `stud_number`, `last_name`, `first_name`, `middle_name`, `suffix`, `course_id`, `batch`, `sex`, `birthday`, `age`, `religion`, `civil_status`, `city_address`, `provincial_address`, `email`, `email_verified_at`, `number`, `username`, `password`, `user_role`, `user_pfp`) VALUES
(1, '2019-00432-TG-0', 'Last', 'First', 'Middle', NULL, 'BSIT', 1950, 'Male', '2001-01-31', 21, NULL, NULL, 'Sample St.,Sample Barangay, Sample City', NULL, 'sample@gmail.com', '2022-09-16 15:20:57', '0909090909', 'thisIsSample', '$2y$10$5EufXamveYAtaaaHrrxfHuhkp0qeTL3e/9hq7AMv/yfdEmj2NWWla', 'Alumni', NULL),
(2, '2018-00360-TG-0', 'Nadera', 'Wilma', 'Valerio', NULL, 'BSECE', 2022, 'Female', '1999-09-11', 23, 'Roman Catholic', 'single', '116, Aimee St., Phase 4, Gatchalian Subd., Manuyo Dos, Las Piñas City', NULL, 'wilmanadera@gmail.com', '2022-09-15 10:10:00', '9153881737', '2018-00360-TG-0', '$2y$10$aAQswT/9Wnj1cChgKdfWEObtDZj.5GMUQkikFkd4ouy2QfawrF6.', 'Alumni', NULL),
(3, '2018-00356-TG-0', 'Jacinto', 'Jibrael', 'Gutierrez', NULL, 'BSECE', 2022, 'Male', '1999-08-11', 23, 'Roman Catholic', 'single', 'B16 L22 J Barrera St. Katarungan Village', 'Metropolitan Manila', 'gutierrezjib@gmail.com', '2022-09-15 15:21:00', '9953767276', '2018-00356-TG-0', '$2y$10$aAQswT/9Wnj1cChgKdfWEObtDZj.5GMUQkikFkd4ouy2QfawrF6.', 'Alumni', NULL),
(4, '2018-00367-TG-0', 'Mota', 'Justin Jayce', 'Salatan', NULL, 'BSECE', 2022, 'Male', '1999-07-27', 23, 'Catholic', 'single', 'Taguig City', 'Metro Manila', 'motajustinjayce@gmail.com', '2022-09-16 00:10:00', '9171601507', '2018-00367-TG-0', '$2y$10$aAQswT/9Wnj1cChgKdfWEObtDZj.5GMUQkikFkd4ouy2QfawrF6.', 'Alumni', NULL),
(5, '2018-00316-TG-0', 'Aguerta', 'Lester', 'Deocareza', NULL, 'BSECE', 2022, 'Male', '1999-11-17', 22, 'Roman Catholic', 'single', 'Taguig', 'Metro Manila', 'laguertalester17@gmail.com', '2022-09-16 02:38:00', '9380032616', '2018-00316-TG-0', '$2y$10$aAQswT/9Wnj1cChgKdfWEObtDZj.5GMUQkikFkd4ouy2QfawrF6.', 'Alumni', NULL),
(6, '2018-00346-TG-0', 'Coyme', 'Rena Jane', 'Bulfa', NULL, 'BSECE', 2022, 'Female', '1999-01-11', 23, 'MCGI', 'single', '3 Adia st Bagumbayan Taguig City', NULL, 'jengjengcoyme@gmail.com', '2022-09-16 02:38:01', '9281856887', '2018-00346-TG-0', '$2y$10$aAQswT/9Wnj1cChgKdfWEObtDZj.5GMUQkikFkd4ouy2QfawrF6.', 'Alumni', NULL),
(7, '2018-00057-TG-0', 'Dellota', 'Pamela', 'Dela Cruz', NULL, 'BSA', 2022, 'Female', '1999-01-12', 22, 'Romqn Catholic', 'single', 'Parañaque City', 'Metro Manila', 'pameladel2000@gmail.com', '2022-09-16 02:38:01', '9294571181', '2018-00057-TG-0', '$2y$10$aAQswT/9Wnj1cChgKdfWEObtDZj.5GMUQkikFkd4ouy2QfawrF6.', 'Alumni', NULL),
(8, '2018-00042-TG-0', 'Ramos', 'Grace Angela', 'Aguirre', NULL, 'BSA', 2022, 'Female', '1999-01-13', 22, NULL, 'single', '470 Dinguinbayan ext. Ibayo-Tipas, Taguig City', NULL, 'graceangelaramos@gmail.com', '2022-09-16 00:10:00', '9338665551', '2018-00042-TG-0', '$2y$10$aAQswT/9Wnj1cChgKdfWEObtDZj.5GMUQkikFkd4ouy2QfawrF6.', 'Alumni', NULL),
(9, '2018-00212-TG-0', 'Carpizo', 'Keff Joshua', 'Cipriano', NULL, 'BSA', 2022, 'Male', '1999-01-14', 22, 'Roman Catholic', 'single', 'Sta. Ana 1, Moonwalk Parañaque City', 'Sta. Ana 1, Moonwalk Parañaque City', 'keffjoshuacarpizo@gmail.com', '2022-09-16 02:38:00', '9957326137', '2018-00212-TG-0', '$2y$10$aAQswT/9Wnj1cChgKdfWEObtDZj.5GMUQkikFkd4ouy2QfawrF6.', 'Alumni', NULL),
(10, '2018-00072-TG-0', 'Ramirez', 'Kristhell Jean', 'Dumaog', NULL, 'BSA', 2022, 'Female', '1999-01-15', 22, 'Roman Catholic', 'single', 'Bodoni St. Area 3 Fourth Estate Subd. Barangay San Antonio Parañaque City', NULL, 'kristhellramirez@gmail.com', '2022-09-16 02:38:01', '9675237109', '2018-00072-TG-0', '$2y$10$aAQswT/9Wnj1cChgKdfWEObtDZj.5GMUQkikFkd4ouy2QfawrF6.', 'Alumni', NULL),
(11, '2018-00031-TG-0', 'Fernando', 'Alexsandra', 'Labid', NULL, 'BSA', 2022, 'Female', '1999-01-16', 22, 'Roman Catholic', 'single', '36 F Pio Felipe St. Purok 1 New Lower Bicutan, Taguig City', '36 F Pio Felipe St. Purok 1 New Lower Bicutan, Taguig City', 'leksafernando@gmail.com', '2022-09-16 02:38:01', '9151582375', '2018-00031-TG-0', '$2y$10$aAQswT/9Wnj1cChgKdfWEObtDZj.5GMUQkikFkd4ouy2QfawrF6.', 'Alumni', NULL),
(12, '2018-00181-TG-0', 'Abraham', 'Voltaire', 'De Silva', NULL, 'BSME', 2022, 'Male', '1999-01-17', 22, 'Roman Catholic', 'single', NULL, NULL, 'voltaireabraham22@gmail.com', '2022-09-16 00:10:00', '9151582376', '2018-00181-TG-0', '$2y$10$aAQswT/9Wnj1cChgKdfWEObtDZj.5GMUQkikFkd4ouy2QfawrF6.', 'Alumni', NULL),
(13, '2018-00175-TG-0', 'Al-ag', 'John Bernard', 'Gozon', NULL, 'BSME', 2022, 'Male', '1999-01-18', 22, 'Roman Catholic', 'single', NULL, NULL, 'johnbernard.alag18@gmail.com', '2022-09-16 02:38:00', '9151582377', '2018-00175-TG-0', '$2y$10$aAQswT/9Wnj1cChgKdfWEObtDZj.5GMUQkikFkd4ouy2QfawrF6.', 'Alumni', NULL),
(14, '2018-00471-TG-0', 'Cruz', 'Eule Khristian', 'Añonuevo', NULL, 'BSME', 2022, 'Female', '1999-01-19', 22, 'Roman Catholic', 'single', NULL, NULL, 'eulecruz13@gmail.com', '2022-09-16 02:38:01', '9151582378', '2018-00471-TG-0', '$2y$10$aAQswT/9Wnj1cChgKdfWEObtDZj.5GMUQkikFkd4ouy2QfawrF6.', 'Alumni', NULL),
(15, '2018-00485-TG-0', 'Cunanan', 'Patricia Mae', 'Trazo', NULL, 'BSME', 2022, 'Female', '1999-01-20', 22, 'Roman Catholic', 'single', NULL, NULL, 'cunananpatriciamaet@gmail.com', '2022-09-16 02:38:01', '9151582379', '2018-00485-TG-0', '$2y$10$aAQswT/9Wnj1cChgKdfWEObtDZj.5GMUQkikFkd4ouy2QfawrF6.', 'Alumni', NULL),
(16, '2018-00495-TG-0', 'Dula', 'Jude Thaddeus', 'Semilla', NULL, 'BSME', 2022, 'Male', '1999-01-21', 22, 'Roman Catholic', 'single', NULL, NULL, 'iamthaddeusdula@gmail.com', '2022-09-16 00:10:00', '9151582380', '2018-00495-TG-0', '$2y$10$aAQswT/9Wnj1cChgKdfWEObtDZj.5GMUQkikFkd4ouy2QfawrF6.', 'Alumni', NULL),
(17, '2018-00373-TG-0', 'Racman', 'Imtarid', 'Salazar', NULL, 'BSECE', 2022, 'Male', '1998-12-13', 23, 'Islam', 'single', 'Blk 31 Lot 2 Lanao Del Sur St. Maharlika Village Taguig City', NULL, 'racmanimtarid@gmail.com', '2022-09-16 02:38:00', '9151582381', '2018-00373-TG-0', '$2y$10$aAQswT/9Wnj1cChgKdfWEObtDZj.5GMUQkikFkd4ouy2QfawrF6.', 'Alumni', NULL),
(18, '2018-00348-TG-0', 'Torrejos', 'Shannen Mae', 'Carriaga', NULL, 'BSECE', 2022, 'Female', '2000-05-03', 22, 'Roman Catholic', 'single', '28 I Banana St. New Lower Bicutan Taguig City', 'Mangawong, Bislig City, Surigao del Sur', 'shannentorrejos@gmail.com', '2022-09-16 02:38:01', '9563407960', '2018-00348-TG-0', '$2y$10$aAQswT/9Wnj1cChgKdfWEObtDZj.5GMUQkikFkd4ouy2QfawrF6.', 'Alumni', NULL),
(19, '2018-00521-TG-0', 'Agudera', 'Xavier', 'Adrales', NULL, 'BSECE', 2022, 'Male', '1999-12-02', 22, 'Catholic', 'single', 'Taguig City', 'NCR', 'aguderax@gmail.com', '2022-09-16 02:38:01', '9152107648', '2018-00521-TG-0', '$2y$10$aAQswT/9Wnj1cChgKdfWEObtDZj.5GMUQkikFkd4ouy2QfawrF6.', 'Alumni', NULL),
(20, '2018-00235-TG-0', 'Meriel', 'Crimson', 'Carzon', NULL, 'BSECE', 2022, 'Female', '1999-09-18', 23, 'Roman Catholic', 'single', '46 Interior 2 Seacom Compound San Antonio Sucat Parañaque City', '37 JC Payumo Barangay Saguing Dinalupihan Bataan', 'merielcrims@gmail.com', '2022-09-16 00:10:00', '9108328456', '2018-00235-TG-0', '$2y$10$aAQswT/9Wnj1cChgKdfWEObtDZj.5GMUQkikFkd4ouy2QfawrF6.', 'Alumni', NULL),
(21, '2018-00334-TG-0', 'Panestante', 'John Rex', 'Gordonas', NULL, 'BSECE', 2022, 'Male', '2000-02-04', 22, 'Bible Baptist', 'single', 'Las Piñas City', 'Metro Manila', 'jhnrxpnstnt04@gmail.com', '2022-09-16 02:38:00', '9636302381', '2018-00334-TG-0', '$2y$10$aAQswT/9Wnj1cChgKdfWEObtDZj.5GMUQkikFkd4ouy2QfawrF6.', 'Alumni', NULL),
(22, '2018-00097-TG-0', 'Almodal', 'Anne Clarisse', 'Vitug', NULL, 'BSA', 2022, 'Female', '2000-02-05', 22, 'Catholic', 'single', 'Blk. 24 Lt. 7/8b Road 5b St., UPS 5, Brgy. San Isidro, Paranaque City', 'Blk. 24 Lt. 7/8b Road 5b St., UPS 5, Brgy. San Isidro, Paranaque City', 'almodalanneclarisse@gmail.com', '2022-09-16 02:38:01', '9777674605', '2018-00097-TG-0', '$2y$10$aAQswT/9Wnj1cChgKdfWEObtDZj.5GMUQkikFkd4ouy2QfawrF6.', 'Alumni', NULL),
(23, '2018-00108-TG-0', 'Bautista', 'Alex Liam', 'Encisa', NULL, 'BSA', 2022, 'Female', '2000-02-06', 23, 'Reformed Christian', 'single', '504 Gracia St. Santo Domingo Cainta, Rizal', '504 Gracia St. Santo Domingo Cainta, Rizal', 'alexliam1999@gmail.com', '2022-09-16 02:38:01', '9700232548', '2018-00108-TG-0', '$2y$10$aAQswT/9Wnj1cChgKdfWEObtDZj.5GMUQkikFkd4ouy2QfawrF6.', 'Alumni', NULL),
(24, '2018-00193-TG-0', 'Carag', 'Jhomyl', 'Sanchez', NULL, 'BSA', 2022, 'Male', '2000-02-07', 22, 'Roman Catholic', 'single', '878 Purok 6 Sucat Muntinlupa City', NULL, 'jcarag08@gmail.com', '2022-09-16 00:10:00', '9569922341', '2018-00193-TG-0', '$2y$10$aAQswT/9Wnj1cChgKdfWEObtDZj.5GMUQkikFkd4ouy2QfawrF6.', 'Alumni', NULL),
(25, '2018-00156-TG-0', 'Fortich', 'Michaela', 'Ramirez', NULL, 'BSA', 2022, 'Female', '2000-02-08', 23, 'Roman Catholic', 'single', '878 Purok 7 Sucat Muntinlupa City', 'IRIGA CITY, CAMARINES SUR', 'mhikay.michaela@gmail.com', '2022-09-16 02:38:00', '9664068571', '2018-00156-TG-0', '$2y$10$aAQswT/9Wnj1cChgKdfWEObtDZj.5GMUQkikFkd4ouy2QfawrF6.', 'Alumni', NULL),
(26, '2018-00207-TG-0', 'Macabugto', 'Jefsey Mae', 'Nacaytuna', NULL, 'BSA', 2022, 'Female', '2000-02-09', 23, 'Roman Catholic', 'single', '878 Purok 8 Sucat Muntinlupa City', 'Metro Manila', 'jefseymnmac11@gmail.com', '2022-09-16 02:38:01', '9519605882', '2018-00207-TG-0', '$2y$10$aAQswT/9Wnj1cChgKdfWEObtDZj.5GMUQkikFkd4ouy2QfawrF6.', 'Alumni', NULL),
(27, '2018-00096-TG-0', 'Enriquez', 'John Ryan', 'Aquino', NULL, 'BSME', 2022, 'Male', '1999-01-20', 23, 'Roman Catholic', 'single', '878 Purok 9 Sucat Muntinlupa City', NULL, 'jrynenriquez@gmail.com', '2022-09-16 02:38:01', '9519605883', '2018-00096-TG-0', '$2y$10$aAQswT/9Wnj1cChgKdfWEObtDZj.5GMUQkikFkd4ouy2QfawrF6.', 'Alumni', NULL),
(28, '2018-00488-TG-0', 'Jundam', 'Fatima Ashley', 'Oblina', NULL, 'BSME', 2022, 'Female', '2000-02-09', 22, 'Roman Catholic', 'single', '878 Purok 10 Sucat Muntinlupa City', NULL, 'fjundam22@gmail.com', '2022-09-16 00:10:00', '9519605884', '2018-00488-TG-0', '$2y$10$aAQswT/9Wnj1cChgKdfWEObtDZj.5GMUQkikFkd4ouy2QfawrF6.', 'Alumni', NULL),
(29, '2018-00480-TG-0', 'Martinez', 'Ace Andrei', NULL, NULL, 'BSME', 2022, 'Male', '1999-01-20', 23, 'Roman Catholic', 'single', '878 Purok 11 Sucat Muntinlupa City', NULL, 'martinezaceandrei@gmail.com', '2022-09-16 02:38:00', '9519605885', '2018-00480-TG-0', '$2y$10$aAQswT/9Wnj1cChgKdfWEObtDZj.5GMUQkikFkd4ouy2QfawrF6.', 'Alumni', NULL),
(30, '2018-00467-TG-0', 'Mayo', 'King Dominic', 'Erasmo', NULL, 'BSME', 2022, 'Male', '2000-02-09', 23, 'Roman Catholic', 'single', '878 Purok 12 Sucat Muntinlupa City', NULL, 'dominicmayo93@gmail.com', '2022-09-16 02:38:01', '9519605886', '2018-00467-TG-0', '$2y$10$aAQswT/9Wnj1cChgKdfWEObtDZj.5GMUQkikFkd4ouy2QfawrF6.', 'Alumni', NULL),
(31, '2018-00028-TG-0', 'Moseños', 'Kyle Clouie', 'Sescon', NULL, 'BSME', 2022, 'Male', '1999-01-20', 23, 'Roman Catholic', 'single', '878 Purok 13 Sucat Muntinlupa City', NULL, 'mosenos.kyle@gmail.com', '2022-09-16 02:38:01', '9519605887', '2018-00028-TG-0', '$2y$10$aAQswT/9Wnj1cChgKdfWEObtDZj.5GMUQkikFkd4ouy2QfawrF6.', 'Alumni', NULL);

-- --------------------------------------------------------

--
-- Table structure for table `tbl_alumni_list`
--

CREATE TABLE `tbl_alumni_list` (
  `stud_number` varchar(255) COLLATE utf8mb4_unicode_ci NOT NULL,
  `last_name` varchar(255) COLLATE utf8mb4_unicode_ci NOT NULL,
  `first_name` varchar(255) COLLATE utf8mb4_unicode_ci NOT NULL,
  `middle_name` varchar(255) COLLATE utf8mb4_unicode_ci DEFAULT NULL,
  `suffix` varchar(255) COLLATE utf8mb4_unicode_ci DEFAULT NULL,
  `course_id` varchar(255) COLLATE utf8mb4_unicode_ci NOT NULL,
  `batch` varchar(255) COLLATE utf8mb4_unicode_ci NOT NULL
) ENGINE=InnoDB DEFAULT CHARSET=utf8mb4 COLLATE=utf8mb4_unicode_ci;

-- --------------------------------------------------------

--
-- Table structure for table `tbl_announcement`
--

CREATE TABLE `tbl_announcement` (
  `id` bigint(20) UNSIGNED NOT NULL,
  `created_at` timestamp NULL DEFAULT NULL,
  `updated_at` timestamp NULL DEFAULT NULL
) ENGINE=InnoDB DEFAULT CHARSET=utf8mb4 COLLATE=utf8mb4_unicode_ci;

-- --------------------------------------------------------

--
-- Table structure for table `tbl_careers`
--

CREATE TABLE `tbl_careers` (
  `career_id` int(10) UNSIGNED NOT NULL,
  `alumni_id` int(10) UNSIGNED DEFAULT NULL,
  `admin_id` int(10) UNSIGNED DEFAULT NULL,
  `job_ad_image` varchar(255) COLLATE utf8mb4_unicode_ci DEFAULT NULL,
  `job_name` varchar(255) COLLATE utf8mb4_unicode_ci DEFAULT NULL,
  `company` varchar(255) COLLATE utf8mb4_unicode_ci DEFAULT NULL,
  `salary` int(11) DEFAULT NULL,
  `description` longtext COLLATE utf8mb4_unicode_ci DEFAULT NULL,
  `category` varchar(255) COLLATE utf8mb4_unicode_ci DEFAULT NULL,
  `email` varchar(255) COLLATE utf8mb4_unicode_ci DEFAULT NULL,
  `number` varchar(255) COLLATE utf8mb4_unicode_ci DEFAULT NULL,
  `approval` tinyint(1) NOT NULL,
  `created_at` timestamp NULL DEFAULT NULL,
  `updated_at` timestamp NULL DEFAULT NULL
) ENGINE=InnoDB DEFAULT CHARSET=utf8mb4 COLLATE=utf8mb4_unicode_ci;

-- --------------------------------------------------------

--
-- Table structure for table `tbl_career_categories`
--

CREATE TABLE `tbl_career_categories` (
  `career_category_id` int(10) UNSIGNED NOT NULL,
  `career_category` varchar(255) COLLATE utf8mb4_unicode_ci NOT NULL
) ENGINE=InnoDB DEFAULT CHARSET=utf8mb4 COLLATE=utf8mb4_unicode_ci;

--
-- Dumping data for table `tbl_career_categories`
--

INSERT INTO `tbl_career_categories` (`career_category_id`, `career_category`) VALUES
(1, 'IT'),
(2, 'Engineering'),
(3, 'Education'),
(4, 'Accountancy'),
(5, 'Business Administration'),
(6, 'Office Administration');

-- --------------------------------------------------------

--
-- Table structure for table `tbl_courses`
--

CREATE TABLE `tbl_courses` (
  `course_id` varchar(255) COLLATE utf8mb4_unicode_ci NOT NULL,
  `course_desc` varchar(255) COLLATE utf8mb4_unicode_ci NOT NULL
) ENGINE=InnoDB DEFAULT CHARSET=utf8mb4 COLLATE=utf8mb4_unicode_ci;

--
-- Dumping data for table `tbl_courses`
--

INSERT INTO `tbl_courses` (`course_id`, `course_desc`) VALUES
('BSEd-English', 'Bachelor in Secondary Education Major in English'),
('BSEd-Mathematics', 'Bachelor in Secondary Education Major in Mathematics'),
('DICT', 'Diploma in Information Communication Technology'),
('BSIT', 'Bachelor of Science in Information Technology'),
('BSBA-HRDM', 'Bachelor of Science in Business Administration Major in Human Resource Development Managementy'),
('BSBA-MM', 'Bachelor of Science in Business Administration Major in Marketing Management'),
('BSECE', 'Bachelor of Science in Electronics and Communications Engineering'),
('BSME', 'Bachelor of Science in Mechanical Engineering'),
('DOMT-LOM', 'Diploma in Office Management Technology with specialization in Legal Office Management'),
('BSOA-LT', 'Bachelor of Science in Office Administration Major in Legal Transcription'),
('BSA', 'Bachelor of Science in Accountancy');

-- --------------------------------------------------------

--
-- Table structure for table `tbl_forms`
--

CREATE TABLE `tbl_forms` (
  `form_id` int(10) UNSIGNED NOT NULL,
  `form_name` varchar(255) COLLATE utf8mb4_unicode_ci NOT NULL,
  `form_status` varchar(255) COLLATE utf8mb4_unicode_ci NOT NULL
) ENGINE=InnoDB DEFAULT CHARSET=utf8mb4 COLLATE=utf8mb4_unicode_ci;

--
-- Dumping data for table `tbl_forms`
--

INSERT INTO `tbl_forms` (`form_id`, `form_name`, `form_status`) VALUES
(1, 'Personal Data Sheet', 'Active'),
(2, 'Exit Interview Form', 'Active'),
(3, 'Student Affairs and Services Form', 'Active');

-- --------------------------------------------------------

--
-- Table structure for table `tbl_news`
--

CREATE TABLE `tbl_news` (
  `news_id` int(10) UNSIGNED NOT NULL,
  `news_image` varchar(255) COLLATE utf8mb4_unicode_ci DEFAULT NULL,
  `news_title` varchar(255) COLLATE utf8mb4_unicode_ci NOT NULL,
  `created_at` timestamp NULL DEFAULT NULL,
  `updated_at` timestamp NULL DEFAULT NULL
) ENGINE=InnoDB DEFAULT CHARSET=utf8mb4 COLLATE=utf8mb4_unicode_ci;

-- --------------------------------------------------------

--
-- Table structure for table `tbl_tracer_answers`
--

CREATE TABLE `tbl_tracer_answers` (
  `answer_id` int(10) UNSIGNED NOT NULL,
  `alumni_id` int(10) UNSIGNED DEFAULT NULL,
  `question_id` int(10) UNSIGNED DEFAULT NULL,
  `answer` varchar(255) COLLATE utf8mb4_unicode_ci NOT NULL
) ENGINE=InnoDB DEFAULT CHARSET=utf8mb4 COLLATE=utf8mb4_unicode_ci;

-- --------------------------------------------------------

--
-- Table structure for table `tbl_tracer_categories`
--

CREATE TABLE `tbl_tracer_categories` (
  `category_id` int(10) UNSIGNED NOT NULL,
  `category_name` varchar(255) COLLATE utf8mb4_unicode_ci NOT NULL
) ENGINE=InnoDB DEFAULT CHARSET=utf8mb4 COLLATE=utf8mb4_unicode_ci;

--
-- Dumping data for table `tbl_tracer_categories`
--

INSERT INTO `tbl_tracer_categories` (`category_id`, `category_name`) VALUES
(1, 'Current Job / Career Details'),
(2, 'First Job / Career Details');

-- --------------------------------------------------------

--
-- Table structure for table `tbl_tracer_questions`
--

CREATE TABLE `tbl_tracer_questions` (
  `question_id` int(10) UNSIGNED NOT NULL,
  `category_id` int(10) UNSIGNED DEFAULT NULL,
  `question_text` varchar(255) COLLATE utf8mb4_unicode_ci NOT NULL,
  `question_type` varchar(255) COLLATE utf8mb4_unicode_ci NOT NULL
) ENGINE=InnoDB DEFAULT CHARSET=utf8mb4 COLLATE=utf8mb4_unicode_ci;

--
-- Dumping data for table `tbl_tracer_questions`
--

INSERT INTO `tbl_tracer_questions` (`question_id`, `category_id`, `question_text`, `question_type`) VALUES
(1, 1, 'Job Position', 'text'),
(2, 1, 'Company Name', 'text'),
(3, 1, 'Employment Start Date', 'date'),
(4, 1, 'Nature of Work / Job Description', 'text'),
(5, 1, 'Type of Employment', 'select'),
(6, 1, 'Monthly Income', 'select'),
(7, 1, 'Company Email', 'text'),
(8, 1, 'Company Number', 'text'),
(9, 1, 'Is your current Job related to your Course?', 'radio'),
(10, 2, 'Job Position', 'text'),
(11, 2, 'Company Name', 'text'),
(12, 2, 'Employment Start Date', 'date'),
(13, 2, 'Nature of Work / Job Description', 'text'),
(14, 2, 'Company Email', 'text'),
(15, 2, 'Company Number', 'text');

-- --------------------------------------------------------

--
-- Table structure for table `users`
--

CREATE TABLE `users` (
  `user_id` int(10) UNSIGNED NOT NULL,
  `alumni_id` int(10) UNSIGNED DEFAULT NULL,
  `admin_id` int(10) UNSIGNED DEFAULT NULL,
  `stud_number` varchar(255) COLLATE utf8mb4_unicode_ci DEFAULT NULL,
  `email` varchar(255) COLLATE utf8mb4_unicode_ci NOT NULL,
  `email_verified_at` timestamp NULL DEFAULT NULL,
  `username` varchar(255) COLLATE utf8mb4_unicode_ci NOT NULL,
  `password` varchar(255) COLLATE utf8mb4_unicode_ci NOT NULL,
  `user_role` varchar(255) COLLATE utf8mb4_unicode_ci NOT NULL
) ENGINE=InnoDB DEFAULT CHARSET=utf8mb4 COLLATE=utf8mb4_unicode_ci;

--
-- Dumping data for table `users`
--

INSERT INTO `users` (`user_id`, `alumni_id`, `admin_id`, `stud_number`, `email`, `email_verified_at`, `username`, `password`, `user_role`) VALUES
(1, 1, NULL, '2019-00432-TG-0', 'sample@gmail.com', '2022-09-16 15:20:57', 'thisIsSample', '$2y$10$5EufXamveYAtaaaHrrxfHuhkp0qeTL3e/9hq7AMv/yfdEmj2NWWla', 'Alumni'),
(2, NULL, 1, NULL, 'pupt.alumniportalsystem@gmail.com', '2022-09-16 15:20:57', 'Admin', '$2y$10$5EufXamveYAtaaaHrrxfHuhkp0qeTL3e/9hq7AMv/yfdEmj2NWWla', 'Admin'),
(3, NULL, 2, NULL, 'superadmin@gmail.com', '2022-09-16 15:20:57', 'SuperAdmin', '$2y$10$5EufXamveYAtaaaHrrxfHuhkp0qeTL3e/9hq7AMv/yfdEmj2NWWla', 'Super_Admin'),
(4, 2, NULL, '2018-00360-TG-0', 'wilmanadera@gmail.com', '2022-09-15 10:10:00', '2018-00360-TG-0', '$2y$10$aAQswT/9Wnj1cChgKdfWEObtDZj.5GMUQkikFkd4ouy2QfawrF6.', 'Alumni'),
(5, 3, NULL, '2018-00356-TG-0', 'gutierrezjib@gmail.com', '2022-09-15 15:21:00', '2018-00356-TG-0', '$2y$10$aAQswT/9Wnj1cChgKdfWEObtDZj.5GMUQkikFkd4ouy2QfawrF6.', 'Alumni'),
(6, 4, NULL, '2018-00367-TG-0', 'motajustinjayce@gmail.com', '2022-09-16 00:10:00', '2018-00367-TG-0', '$2y$10$aAQswT/9Wnj1cChgKdfWEObtDZj.5GMUQkikFkd4ouy2QfawrF6.', 'Alumni'),
(7, 5, NULL, '2018-00316-TG-0', 'laguertalester17@gmail.com', '2022-09-16 02:38:00', '2018-00316-TG-0', '$2y$10$aAQswT/9Wnj1cChgKdfWEObtDZj.5GMUQkikFkd4ouy2QfawrF6.', 'Alumni'),
(8, 6, NULL, '2018-00346-TG-0', 'jengjengcoyme@gmail.com', '2022-09-16 02:38:01', '2018-00346-TG-0', '$2y$10$aAQswT/9Wnj1cChgKdfWEObtDZj.5GMUQkikFkd4ouy2QfawrF6.', 'Alumni'),
(9, 7, NULL, '2018-00057-TG-0', 'pameladel2000@gmail.com', '2022-09-16 00:10:00', '2018-00057-TG-0', '$2y$10$aAQswT/9Wnj1cChgKdfWEObtDZj.5GMUQkikFkd4ouy2QfawrF6.', 'Alumni'),
(10, 8, NULL, '2018-00042-TG-0', 'graceangelaramos@gmail.com', '2022-09-15 15:21:00', '2018-00042-TG-0', '$2y$10$aAQswT/9Wnj1cChgKdfWEObtDZj.5GMUQkikFkd4ouy2QfawrF6.', 'Alumni'),
(11, 9, NULL, '2018-00212-TG-0', 'keffjoshuacarpizo@gmail.com', '2022-09-16 00:10:00', '2018-00212-TG-0', '$2y$10$aAQswT/9Wnj1cChgKdfWEObtDZj.5GMUQkikFkd4ouy2QfawrF6.', 'Alumni'),
(12, 10, NULL, '2018-00072-TG-0', 'kristhellramirez@gmail.com', '2022-09-16 02:38:00', '2018-00072-TG-0', '$2y$10$aAQswT/9Wnj1cChgKdfWEObtDZj.5GMUQkikFkd4ouy2QfawrF6.', 'Alumni'),
(13, 11, NULL, '2018-00031-TG-0', 'leksafernando@gmail.com', '2022-09-16 02:38:01', '2018-00031-TG-0', '$2y$10$aAQswT/9Wnj1cChgKdfWEObtDZj.5GMUQkikFkd4ouy2QfawrF6.', 'Alumni'),
(14, 12, NULL, '2018-00181-TG-0', 'voltaireabraham22@gmail.com', '2022-09-16 00:10:00', '2018-00181-TG-0', '$2y$10$aAQswT/9Wnj1cChgKdfWEObtDZj.5GMUQkikFkd4ouy2QfawrF6.', 'Alumni'),
(15, 13, NULL, '2018-00175-TG-0', 'johnbernard.alag18@gmail.com', '2022-09-15 15:21:00', '2018-00175-TG-0', '$2y$10$aAQswT/9Wnj1cChgKdfWEObtDZj.5GMUQkikFkd4ouy2QfawrF6.', 'Alumni'),
(16, 14, NULL, '2018-00471-TG-0', 'eulecruz13@gmail.com', '2022-09-16 00:10:00', '2018-00471-TG-0', '$2y$10$aAQswT/9Wnj1cChgKdfWEObtDZj.5GMUQkikFkd4ouy2QfawrF6.', 'Alumni'),
(17, 15, NULL, '2018-00485-TG-0', 'cunananpatriciamaet@gmail.com', '2022-09-16 02:38:00', '2018-00471-TG-0', '$2y$10$aAQswT/9Wnj1cChgKdfWEObtDZj.5GMUQkikFkd4ouy2QfawrF6.', 'Alumni'),
(18, 16, NULL, '2018-00495-TG-0', 'Iamthaddeusdula@gmail.com', '2022-09-16 02:38:01', '2018-00495-TG-0', '$2y$10$aAQswT/9Wnj1cChgKdfWEObtDZj.5GMUQkikFkd4ouy2QfawrF6.', 'Alumni'),
(19, 17, NULL, '2018-00373-TG-0', 'racmanimtarid@gmail.com', '2022-09-16 00:10:00', '2018-00373-TG-0', '$2y$10$aAQswT/9Wnj1cChgKdfWEObtDZj.5GMUQkikFkd4ouy2QfawrF6.', 'Alumni'),
(20, 18, NULL, '2018-00348-TG-0', 'shannentorrejos@gmail.com', '2022-09-15 15:21:00', '2018-00348-TG-0', '$2y$10$aAQswT/9Wnj1cChgKdfWEObtDZj.5GMUQkikFkd4ouy2QfawrF6.', 'Alumni'),
(21, 19, NULL, '2018-00521-TG-0', 'aguderax@gmail.com', '2022-09-16 00:10:00', '2018-00521-TG-0', '$2y$10$aAQswT/9Wnj1cChgKdfWEObtDZj.5GMUQkikFkd4ouy2QfawrF6.', 'Alumni'),
(22, 20, NULL, '2018-00235-TG-0', 'merielcrims@gmail.com', '2022-09-16 02:38:00', '2018-00235-TG-0', '$2y$10$aAQswT/9Wnj1cChgKdfWEObtDZj.5GMUQkikFkd4ouy2QfawrF6.', 'Alumni'),
(23, 21, NULL, '2018-00334-TG-0', 'jhnrxpnstnt04@gmail.com', '2022-09-16 02:38:01', '2018-00334-TG-0', '$2y$10$aAQswT/9Wnj1cChgKdfWEObtDZj.5GMUQkikFkd4ouy2QfawrF6.', 'Alumni'),
(24, 22, NULL, '2018-00097-TG-0', 'almodalanneclarisse@gmail.com', '2022-09-16 00:10:00', '2018-00097-TG-0', '$2y$10$aAQswT/9Wnj1cChgKdfWEObtDZj.5GMUQkikFkd4ouy2QfawrF6.', 'Alumni'),
(25, 23, NULL, '2018-00108-TG-0', 'alexliam1999@gmail.com', '2022-09-15 15:21:00', '2018-00108-TG-0', '$2y$10$aAQswT/9Wnj1cChgKdfWEObtDZj.5GMUQkikFkd4ouy2QfawrF6.', 'Alumni'),
(26, 24, NULL, '2018-00193-TG-0', 'jcarag08@gmail.com', '2022-09-16 00:10:00', '2018-00193-TG-0', '$2y$10$aAQswT/9Wnj1cChgKdfWEObtDZj.5GMUQkikFkd4ouy2QfawrF6.', 'Alumni'),
(27, 25, NULL, '2018-00156-TG-0', 'mhikay.michaela@gmail.com', '2022-09-16 02:38:00', '2018-00156-TG-0', '$2y$10$aAQswT/9Wnj1cChgKdfWEObtDZj.5GMUQkikFkd4ouy2QfawrF6.', 'Alumni'),
(28, 26, NULL, '2018-00207-TG-0', 'jefseymnmac11@gmail.com', '2022-09-16 02:38:01', '2018-00207-TG-0', '$2y$10$aAQswT/9Wnj1cChgKdfWEObtDZj.5GMUQkikFkd4ouy2QfawrF6.', 'Alumni'),
(29, 27, NULL, '2018-00096-TG-0', 'jrynenriquez@gmail.com', '2022-09-16 00:10:00', '2018-00096-TG-0', '$2y$10$aAQswT/9Wnj1cChgKdfWEObtDZj.5GMUQkikFkd4ouy2QfawrF6.', 'Alumni'),
(30, 28, NULL, '2018-00488-TG-0', 'fjundam22@gmail.com', '2022-09-15 15:21:00', '2018-00488-TG-0', '$2y$10$aAQswT/9Wnj1cChgKdfWEObtDZj.5GMUQkikFkd4ouy2QfawrF6.', 'Alumni'),
(31, 29, NULL, '2018-00480-TG-0', 'martinezaceandrei@gmail.com', '2022-09-16 00:10:00', '2018-00480-TG-0', '$2y$10$aAQswT/9Wnj1cChgKdfWEObtDZj.5GMUQkikFkd4ouy2QfawrF6.', 'Alumni'),
(32, 30, NULL, '2018-00467-TG-0', 'dominicmayo93@gmail.com', '2022-09-16 02:38:00', '2018-00467-TG-0', '$2y$10$aAQswT/9Wnj1cChgKdfWEObtDZj.5GMUQkikFkd4ouy2QfawrF6.', 'Alumni'),
(33, 31, NULL, '2018-00467-TG-0', 'mosenos.kyle@gmail.com', '2022-09-16 02:38:01', '2018-00467-TG-0', '$2y$10$aAQswT/9Wnj1cChgKdfWEObtDZj.5GMUQkikFkd4ouy2QfawrF6.', 'Alumni');

--
-- Indexes for dumped tables
--

--
-- Indexes for table `failed_jobs`
--
ALTER TABLE `failed_jobs`
  ADD PRIMARY KEY (`id`),
  ADD UNIQUE KEY `failed_jobs_uuid_unique` (`uuid`);

--
-- Indexes for table `form_eif_answers`
--
ALTER TABLE `form_eif_answers`
  ADD PRIMARY KEY (`answer_id`),
  ADD KEY `form_eif_answers_alumni_id_foreign` (`alumni_id`),
  ADD KEY `form_eif_answers_question_id_foreign` (`question_id`);

--
-- Indexes for table `form_eif_categories`
--
ALTER TABLE `form_eif_categories`
  ADD PRIMARY KEY (`category_id`),
  ADD KEY `form_eif_categories_form_id_foreign` (`form_id`);

--
-- Indexes for table `form_eif_questions`
--
ALTER TABLE `form_eif_questions`
  ADD PRIMARY KEY (`question_id`),
  ADD KEY `form_eif_questions_category_id_foreign` (`category_id`);

--
-- Indexes for table `form_pds_answers`
--
ALTER TABLE `form_pds_answers`
  ADD PRIMARY KEY (`answer_id`),
  ADD KEY `form_pds_answers_alumni_id_foreign` (`alumni_id`),
  ADD KEY `form_pds_answers_question_id_foreign` (`question_id`);

--
-- Indexes for table `form_pds_categories`
--
ALTER TABLE `form_pds_categories`
  ADD PRIMARY KEY (`category_id`),
  ADD KEY `form_pds_categories_form_id_foreign` (`form_id`);

--
-- Indexes for table `form_pds_questions`
--
ALTER TABLE `form_pds_questions`
  ADD PRIMARY KEY (`question_id`),
  ADD KEY `form_pds_questions_category_id_foreign` (`category_id`);

--
-- Indexes for table `form_sas_answers`
--
ALTER TABLE `form_sas_answers`
  ADD PRIMARY KEY (`answer_id`),
  ADD KEY `form_sas_answers_alumni_id_foreign` (`alumni_id`),
  ADD KEY `form_sas_answers_question_id_foreign` (`question_id`);

--
-- Indexes for table `form_sas_categories`
--
ALTER TABLE `form_sas_categories`
  ADD PRIMARY KEY (`category_id`),
  ADD KEY `form_sas_categories_form_id_foreign` (`form_id`);

--
-- Indexes for table `form_sas_questions`
--
ALTER TABLE `form_sas_questions`
  ADD PRIMARY KEY (`question_id`),
  ADD KEY `form_sas_questions_category_id_foreign` (`category_id`);

--
-- Indexes for table `migrations`
--
ALTER TABLE `migrations`
  ADD PRIMARY KEY (`id`);

--
-- Indexes for table `password_resets`
--
ALTER TABLE `password_resets`
  ADD KEY `password_resets_email_index` (`email`);

--
-- Indexes for table `personal_access_tokens`
--
ALTER TABLE `personal_access_tokens`
  ADD PRIMARY KEY (`id`),
  ADD UNIQUE KEY `personal_access_tokens_token_unique` (`token`),
  ADD KEY `personal_access_tokens_tokenable_type_tokenable_id_index` (`tokenable_type`,`tokenable_id`);

--
-- Indexes for table `tbl_admin`
--
ALTER TABLE `tbl_admin`
  ADD PRIMARY KEY (`admin_id`);

--
-- Indexes for table `tbl_alumni`
--
ALTER TABLE `tbl_alumni`
  ADD PRIMARY KEY (`alumni_id`);

--
-- Indexes for table `tbl_announcement`
--
ALTER TABLE `tbl_announcement`
  ADD PRIMARY KEY (`id`);

--
-- Indexes for table `tbl_careers`
--
ALTER TABLE `tbl_careers`
  ADD PRIMARY KEY (`career_id`),
  ADD KEY `tbl_careers_alumni_id_foreign` (`alumni_id`),
  ADD KEY `tbl_careers_admin_id_foreign` (`admin_id`);

--
-- Indexes for table `tbl_career_categories`
--
ALTER TABLE `tbl_career_categories`
  ADD PRIMARY KEY (`career_category_id`);

--
-- Indexes for table `tbl_forms`
--
ALTER TABLE `tbl_forms`
  ADD PRIMARY KEY (`form_id`);

--
-- Indexes for table `tbl_news`
--
ALTER TABLE `tbl_news`
  ADD PRIMARY KEY (`news_id`);

--
-- Indexes for table `tbl_tracer_answers`
--
ALTER TABLE `tbl_tracer_answers`
  ADD PRIMARY KEY (`answer_id`),
  ADD KEY `tbl_tracer_answers_alumni_id_foreign` (`alumni_id`),
  ADD KEY `tbl_tracer_answers_question_id_foreign` (`question_id`);

--
-- Indexes for table `tbl_tracer_categories`
--
ALTER TABLE `tbl_tracer_categories`
  ADD PRIMARY KEY (`category_id`);

--
-- Indexes for table `tbl_tracer_questions`
--
ALTER TABLE `tbl_tracer_questions`
  ADD PRIMARY KEY (`question_id`),
  ADD KEY `tbl_tracer_questions_category_id_foreign` (`category_id`);

--
-- Indexes for table `users`
--
ALTER TABLE `users`
  ADD PRIMARY KEY (`user_id`),
  ADD KEY `users_alumni_id_foreign` (`alumni_id`),
  ADD KEY `users_admin_id_foreign` (`admin_id`);

--
-- AUTO_INCREMENT for dumped tables
--

--
-- AUTO_INCREMENT for table `failed_jobs`
--
ALTER TABLE `failed_jobs`
  MODIFY `id` bigint(20) UNSIGNED NOT NULL AUTO_INCREMENT;

--
-- AUTO_INCREMENT for table `form_eif_answers`
--
ALTER TABLE `form_eif_answers`
  MODIFY `answer_id` int(10) UNSIGNED NOT NULL AUTO_INCREMENT, AUTO_INCREMENT=1509;

--
-- AUTO_INCREMENT for table `form_eif_categories`
--
ALTER TABLE `form_eif_categories`
  MODIFY `category_id` int(10) UNSIGNED NOT NULL AUTO_INCREMENT, AUTO_INCREMENT=18;

--
-- AUTO_INCREMENT for table `form_eif_questions`
--
ALTER TABLE `form_eif_questions`
  MODIFY `question_id` int(10) UNSIGNED NOT NULL AUTO_INCREMENT, AUTO_INCREMENT=53;

--
-- AUTO_INCREMENT for table `form_pds_answers`
--
ALTER TABLE `form_pds_answers`
  MODIFY `answer_id` int(10) UNSIGNED NOT NULL AUTO_INCREMENT, AUTO_INCREMENT=481;

--
-- AUTO_INCREMENT for table `form_pds_categories`
--
ALTER TABLE `form_pds_categories`
  MODIFY `category_id` int(10) UNSIGNED NOT NULL AUTO_INCREMENT, AUTO_INCREMENT=6;

--
-- AUTO_INCREMENT for table `form_pds_questions`
--
ALTER TABLE `form_pds_questions`
  MODIFY `question_id` int(10) UNSIGNED NOT NULL AUTO_INCREMENT, AUTO_INCREMENT=17;

--
-- AUTO_INCREMENT for table `form_sas_answers`
--
ALTER TABLE `form_sas_answers`
  MODIFY `answer_id` int(10) UNSIGNED NOT NULL AUTO_INCREMENT, AUTO_INCREMENT=2341;

--
-- AUTO_INCREMENT for table `form_sas_categories`
--
ALTER TABLE `form_sas_categories`
  MODIFY `category_id` int(10) UNSIGNED NOT NULL AUTO_INCREMENT, AUTO_INCREMENT=16;

--
-- AUTO_INCREMENT for table `form_sas_questions`
--
ALTER TABLE `form_sas_questions`
  MODIFY `question_id` int(10) UNSIGNED NOT NULL AUTO_INCREMENT, AUTO_INCREMENT=79;

--
-- AUTO_INCREMENT for table `migrations`
--
ALTER TABLE `migrations`
  MODIFY `id` int(10) UNSIGNED NOT NULL AUTO_INCREMENT, AUTO_INCREMENT=151;

--
-- AUTO_INCREMENT for table `personal_access_tokens`
--
ALTER TABLE `personal_access_tokens`
  MODIFY `id` bigint(20) UNSIGNED NOT NULL AUTO_INCREMENT;

--
-- AUTO_INCREMENT for table `tbl_admin`
--
ALTER TABLE `tbl_admin`
  MODIFY `admin_id` int(10) UNSIGNED NOT NULL AUTO_INCREMENT, AUTO_INCREMENT=3;

--
-- AUTO_INCREMENT for table `tbl_alumni`
--
ALTER TABLE `tbl_alumni`
  MODIFY `alumni_id` int(10) UNSIGNED NOT NULL AUTO_INCREMENT, AUTO_INCREMENT=32;

--
-- AUTO_INCREMENT for table `tbl_announcement`
--
ALTER TABLE `tbl_announcement`
  MODIFY `id` bigint(20) UNSIGNED NOT NULL AUTO_INCREMENT;

--
-- AUTO_INCREMENT for table `tbl_careers`
--
ALTER TABLE `tbl_careers`
  MODIFY `career_id` int(10) UNSIGNED NOT NULL AUTO_INCREMENT;

--
-- AUTO_INCREMENT for table `tbl_career_categories`
--
ALTER TABLE `tbl_career_categories`
  MODIFY `career_category_id` int(10) UNSIGNED NOT NULL AUTO_INCREMENT, AUTO_INCREMENT=7;

--
-- AUTO_INCREMENT for table `tbl_forms`
--
ALTER TABLE `tbl_forms`
  MODIFY `form_id` int(10) UNSIGNED NOT NULL AUTO_INCREMENT, AUTO_INCREMENT=4;

--
-- AUTO_INCREMENT for table `tbl_news`
--
ALTER TABLE `tbl_news`
  MODIFY `news_id` int(10) UNSIGNED NOT NULL AUTO_INCREMENT;

--
-- AUTO_INCREMENT for table `tbl_tracer_answers`
--
ALTER TABLE `tbl_tracer_answers`
  MODIFY `answer_id` int(10) UNSIGNED NOT NULL AUTO_INCREMENT;

--
-- AUTO_INCREMENT for table `tbl_tracer_categories`
--
ALTER TABLE `tbl_tracer_categories`
  MODIFY `category_id` int(10) UNSIGNED NOT NULL AUTO_INCREMENT, AUTO_INCREMENT=3;

--
-- AUTO_INCREMENT for table `tbl_tracer_questions`
--
ALTER TABLE `tbl_tracer_questions`
  MODIFY `question_id` int(10) UNSIGNED NOT NULL AUTO_INCREMENT, AUTO_INCREMENT=16;

--
-- AUTO_INCREMENT for table `users`
--
ALTER TABLE `users`
  MODIFY `user_id` int(10) UNSIGNED NOT NULL AUTO_INCREMENT, AUTO_INCREMENT=34;

--
-- Constraints for dumped tables
--

--
-- Constraints for table `form_eif_answers`
--
ALTER TABLE `form_eif_answers`
  ADD CONSTRAINT `form_eif_answers_alumni_id_foreign` FOREIGN KEY (`alumni_id`) REFERENCES `tbl_alumni` (`alumni_id`),
  ADD CONSTRAINT `form_eif_answers_question_id_foreign` FOREIGN KEY (`question_id`) REFERENCES `form_eif_questions` (`question_id`);

--
-- Constraints for table `form_eif_categories`
--
ALTER TABLE `form_eif_categories`
  ADD CONSTRAINT `form_eif_categories_form_id_foreign` FOREIGN KEY (`form_id`) REFERENCES `tbl_forms` (`form_id`);

--
-- Constraints for table `form_eif_questions`
--
ALTER TABLE `form_eif_questions`
  ADD CONSTRAINT `form_eif_questions_category_id_foreign` FOREIGN KEY (`category_id`) REFERENCES `form_eif_categories` (`category_id`);

--
-- Constraints for table `form_pds_answers`
--
ALTER TABLE `form_pds_answers`
  ADD CONSTRAINT `form_pds_answers_alumni_id_foreign` FOREIGN KEY (`alumni_id`) REFERENCES `tbl_alumni` (`alumni_id`),
  ADD CONSTRAINT `form_pds_answers_question_id_foreign` FOREIGN KEY (`question_id`) REFERENCES `form_pds_questions` (`question_id`);

--
-- Constraints for table `form_pds_categories`
--
ALTER TABLE `form_pds_categories`
  ADD CONSTRAINT `form_pds_categories_form_id_foreign` FOREIGN KEY (`form_id`) REFERENCES `tbl_forms` (`form_id`);

--
-- Constraints for table `form_pds_questions`
--
ALTER TABLE `form_pds_questions`
  ADD CONSTRAINT `form_pds_questions_category_id_foreign` FOREIGN KEY (`category_id`) REFERENCES `form_pds_categories` (`category_id`);

--
-- Constraints for table `form_sas_answers`
--
ALTER TABLE `form_sas_answers`
  ADD CONSTRAINT `form_sas_answers_alumni_id_foreign` FOREIGN KEY (`alumni_id`) REFERENCES `tbl_alumni` (`alumni_id`),
  ADD CONSTRAINT `form_sas_answers_question_id_foreign` FOREIGN KEY (`question_id`) REFERENCES `form_sas_questions` (`question_id`);

--
-- Constraints for table `form_sas_categories`
--
ALTER TABLE `form_sas_categories`
  ADD CONSTRAINT `form_sas_categories_form_id_foreign` FOREIGN KEY (`form_id`) REFERENCES `tbl_forms` (`form_id`);

--
-- Constraints for table `form_sas_questions`
--
ALTER TABLE `form_sas_questions`
  ADD CONSTRAINT `form_sas_questions_category_id_foreign` FOREIGN KEY (`category_id`) REFERENCES `form_sas_categories` (`category_id`);

--
-- Constraints for table `tbl_careers`
--
ALTER TABLE `tbl_careers`
  ADD CONSTRAINT `tbl_careers_admin_id_foreign` FOREIGN KEY (`admin_id`) REFERENCES `tbl_admin` (`admin_id`),
  ADD CONSTRAINT `tbl_careers_alumni_id_foreign` FOREIGN KEY (`alumni_id`) REFERENCES `tbl_alumni` (`alumni_id`);

--
-- Constraints for table `tbl_tracer_answers`
--
ALTER TABLE `tbl_tracer_answers`
  ADD CONSTRAINT `tbl_tracer_answers_alumni_id_foreign` FOREIGN KEY (`alumni_id`) REFERENCES `tbl_alumni` (`alumni_id`),
  ADD CONSTRAINT `tbl_tracer_answers_question_id_foreign` FOREIGN KEY (`question_id`) REFERENCES `tbl_tracer_questions` (`question_id`);

--
-- Constraints for table `tbl_tracer_questions`
--
ALTER TABLE `tbl_tracer_questions`
  ADD CONSTRAINT `tbl_tracer_questions_category_id_foreign` FOREIGN KEY (`category_id`) REFERENCES `tbl_tracer_categories` (`category_id`);

--
-- Constraints for table `users`
--
ALTER TABLE `users`
  ADD CONSTRAINT `users_admin_id_foreign` FOREIGN KEY (`admin_id`) REFERENCES `tbl_admin` (`admin_id`),
  ADD CONSTRAINT `users_alumni_id_foreign` FOREIGN KEY (`alumni_id`) REFERENCES `tbl_alumni` (`alumni_id`);
COMMIT;

/*!40101 SET CHARACTER_SET_CLIENT=@OLD_CHARACTER_SET_CLIENT */;
/*!40101 SET CHARACTER_SET_RESULTS=@OLD_CHARACTER_SET_RESULTS */;
/*!40101 SET COLLATION_CONNECTION=@OLD_COLLATION_CONNECTION */;
